region;dept;golf_name;city;zip;holes_count;par_total;architect;year;tee_color;tee_dist_total_m;slope_hommes;sss_hommes;slope_femmes;sss_femmes;hole_num;hole_par;hole_hcp;hole_dist_m
Pays de la Loire;44;Garden Golf Nantes Carquefou;Carquefou;44470;18;71;M. Adam;1988;Blanc;5271;136;77.0;127;71.1;1;4;5;359
Pays de la Loire;44;Garden Golf Nantes Carquefou;Carquefou;44470;18;71;M. Adam;1988;Blanc;5271;136;77.0;127;71.1;2;4;11;281
Pays de la Loire;44;Garden Golf Nantes Carquefou;Carquefou;44470;18;71;M. Adam;1988;Blanc;5271;136;77.0;127;71.1;3;5;15;411
Pays de la Loire;44;Garden Golf Nantes Carquefou;Carquefou;44470;18;71;M. Adam;1988;Blanc;5271;136;77.0;127;71.1;4;4;4;330
Pays de la Loire;44;Garden Golf Nantes Carquefou;Carquefou;44470;18;71;M. Adam;1988;Blanc;5271;136;77.0;127;71.1;5;3;14;132
Pays de la Loire;44;Garden Golf Nantes Carquefou;Carquefou;44470;18;71;M. Adam;1988;Blanc;5271;136;77.0;127;71.1;6;5;10;463
Pays de la Loire;44;Garden Golf Nantes Carquefou;Carquefou;44470;18;71;M. Adam;1988;Blanc;5271;136;77.0;127;71.1;7;4;8;285
Pays de la Loire;44;Garden Golf Nantes Carquefou;Carquefou;44470;18;71;M. Adam;1988;Blanc;5271;136;77.0;127;71.1;8;3;13;151
Pays de la Loire;44;Garden Golf Nantes Carquefou;Carquefou;44470;18;71;M. Adam;1988;Blanc;5271;136;77.0;127;71.1;9;4;17;272
Pays de la Loire;44;Garden Golf Nantes Carquefou;Carquefou;44470;18;71;M. Adam;1988;Blanc;5271;136;77.0;127;71.1;10;4;12;299
Pays de la Loire;44;Garden Golf Nantes Carquefou;Carquefou;44470;18;71;M. Adam;1988;Blanc;5271;136;77.0;127;71.1;11;4;3;339
Pays de la Loire;44;Garden Golf Nantes Carquefou;Carquefou;44470;18;71;M. Adam;1988;Blanc;5271;136;77.0;127;71.1;12;3;18;129
Pays de la Loire;44;Garden Golf Nantes Carquefou;Carquefou;44470;18;71;M. Adam;1988;Blanc;5271;136;77.0;127;71.1;13;3;1;174
Pays de la Loire;44;Garden Golf Nantes Carquefou;Carquefou;44470;18;71;M. Adam;1988;Blanc;5271;136;77.0;127;71.1;14;5;9;434
Pays de la Loire;44;Garden Golf Nantes Carquefou;Carquefou;44470;18;71;M. Adam;1988;Blanc;5271;136;77.0;127;71.1;15;4;2;327
Pays de la Loire;44;Garden Golf Nantes Carquefou;Carquefou;44470;18;71;M. Adam;1988;Blanc;5271;136;77.0;127;71.1;16;5;6;422
Pays de la Loire;44;Garden Golf Nantes Carquefou;Carquefou;44470;18;71;M. Adam;1988;Blanc;5271;136;77.0;127;71.1;17;3;16;142
Pays de la Loire;44;Garden Golf Nantes Carquefou;Carquefou;44470;18;71;M. Adam;1988;Blanc;5271;136;77.0;127;71.1;18;4;7;321
Pays de la Loire;44;Garden Golf Nantes Carquefou;Carquefou;44470;18;71;M. Adam;1988;Jaune;4963;131;74.9;124;69.1;1;4;5;338
Pays de la Loire;44;Garden Golf Nantes Carquefou;Carquefou;44470;18;71;M. Adam;1988;Jaune;4963;131;74.9;124;69.1;2;4;11;265
Pays de la Loire;44;Garden Golf Nantes Carquefou;Carquefou;44470;18;71;M. Adam;1988;Jaune;4963;131;74.9;124;69.1;3;5;15;387
Pays de la Loire;44;Garden Golf Nantes Carquefou;Carquefou;44470;18;71;M. Adam;1988;Jaune;4963;131;74.9;124;69.1;4;4;4;311
Pays de la Loire;44;Garden Golf Nantes Carquefou;Carquefou;44470;18;71;M. Adam;1988;Jaune;4963;131;74.9;124;69.1;5;3;14;124
Pays de la Loire;44;Garden Golf Nantes Carquefou;Carquefou;44470;18;71;M. Adam;1988;Jaune;4963;131;74.9;124;69.1;6;5;10;436
Pays de la Loire;44;Garden Golf Nantes Carquefou;Carquefou;44470;18;71;M. Adam;1988;Jaune;4963;131;74.9;124;69.1;7;4;8;269
Pays de la Loire;44;Garden Golf Nantes Carquefou;Carquefou;44470;18;71;M. Adam;1988;Jaune;4963;131;74.9;124;69.1;8;3;13;142
Pays de la Loire;44;Garden Golf Nantes Carquefou;Carquefou;44470;18;71;M. Adam;1988;Jaune;4963;131;74.9;124;69.1;9;4;17;257
Pays de la Loire;44;Garden Golf Nantes Carquefou;Carquefou;44470;18;71;M. Adam;1988;Jaune;4963;131;74.9;124;69.1;10;4;12;282
Pays de la Loire;44;Garden Golf Nantes Carquefou;Carquefou;44470;18;71;M. Adam;1988;Jaune;4963;131;74.9;124;69.1;11;4;3;320
Pays de la Loire;44;Garden Golf Nantes Carquefou;Carquefou;44470;18;71;M. Adam;1988;Jaune;4963;131;74.9;124;69.1;12;3;18;122
Pays de la Loire;44;Garden Golf Nantes Carquefou;Carquefou;44470;18;71;M. Adam;1988;Jaune;4963;131;74.9;124;69.1;13;3;1;164
Pays de la Loire;44;Garden Golf Nantes Carquefou;Carquefou;44470;18;71;M. Adam;1988;Jaune;4963;131;74.9;124;69.1;14;5;9;410
Pays de la Loire;44;Garden Golf Nantes Carquefou;Carquefou;44470;18;71;M. Adam;1988;Jaune;4963;131;74.9;124;69.1;15;4;2;308
Pays de la Loire;44;Garden Golf Nantes Carquefou;Carquefou;44470;18;71;M. Adam;1988;Jaune;4963;131;74.9;124;69.1;16;5;6;398
Pays de la Loire;44;Garden Golf Nantes Carquefou;Carquefou;44470;18;71;M. Adam;1988;Jaune;4963;131;74.9;124;69.1;17;3;16;134
Pays de la Loire;44;Garden Golf Nantes Carquefou;Carquefou;44470;18;71;M. Adam;1988;Jaune;4963;131;74.9;124;69.1;18;4;7;303
Pays de la Loire;44;Garden Golf Nantes Carquefou;Carquefou;44470;18;71;M. Adam;1988;Bleu;4599;126;72.5;120;67.1;1;4;5;311
Pays de la Loire;44;Garden Golf Nantes Carquefou;Carquefou;44470;18;71;M. Adam;1988;Bleu;4599;126;72.5;120;67.1;2;4;11;245
Pays de la Loire;44;Garden Golf Nantes Carquefou;Carquefou;44470;18;71;M. Adam;1988;Bleu;4599;126;72.5;120;67.1;3;5;15;358
Pays de la Loire;44;Garden Golf Nantes Carquefou;Carquefou;44470;18;71;M. Adam;1988;Bleu;4599;126;72.5;120;67.1;4;4;4;288
Pays de la Loire;44;Garden Golf Nantes Carquefou;Carquefou;44470;18;71;M. Adam;1988;Bleu;4599;126;72.5;120;67.1;5;3;14;115
Pays de la Loire;44;Garden Golf Nantes Carquefou;Carquefou;44470;18;71;M. Adam;1988;Bleu;4599;126;72.5;120;67.1;6;5;10;404
Pays de la Loire;44;Garden Golf Nantes Carquefou;Carquefou;44470;18;71;M. Adam;1988;Bleu;4599;126;72.5;120;67.1;7;4;8;249
Pays de la Loire;44;Garden Golf Nantes Carquefou;Carquefou;44470;18;71;M. Adam;1988;Bleu;4599;126;72.5;120;67.1;8;3;13;132
Pays de la Loire;44;Garden Golf Nantes Carquefou;Carquefou;44470;18;71;M. Adam;1988;Bleu;4599;126;72.5;120;67.1;9;4;17;238
Pays de la Loire;44;Garden Golf Nantes Carquefou;Carquefou;44470;18;71;M. Adam;1988;Bleu;4599;126;72.5;120;67.1;10;4;12;261
Pays de la Loire;44;Garden Golf Nantes Carquefou;Carquefou;44470;18;71;M. Adam;1988;Bleu;4599;126;72.5;120;67.1;11;4;3;296
Pays de la Loire;44;Garden Golf Nantes Carquefou;Carquefou;44470;18;71;M. Adam;1988;Bleu;4599;126;72.5;120;67.1;12;3;18;112
Pays de la Loire;44;Garden Golf Nantes Carquefou;Carquefou;44470;18;71;M. Adam;1988;Bleu;4599;126;72.5;120;67.1;13;3;1;152
Pays de la Loire;44;Garden Golf Nantes Carquefou;Carquefou;44470;18;71;M. Adam;1988;Bleu;4599;126;72.5;120;67.1;14;5;9;379
Pays de la Loire;44;Garden Golf Nantes Carquefou;Carquefou;44470;18;71;M. Adam;1988;Bleu;4599;126;72.5;120;67.1;15;4;2;285
Pays de la Loire;44;Garden Golf Nantes Carquefou;Carquefou;44470;18;71;M. Adam;1988;Bleu;4599;126;72.5;120;67.1;16;5;6;369
Pays de la Loire;44;Garden Golf Nantes Carquefou;Carquefou;44470;18;71;M. Adam;1988;Bleu;4599;126;72.5;120;67.1;17;3;16;123
Pays de la Loire;44;Garden Golf Nantes Carquefou;Carquefou;44470;18;71;M. Adam;1988;Bleu;4599;126;72.5;120;67.1;18;4;7;280
Pays de la Loire;44;Garden Golf Nantes Carquefou;Carquefou;44470;18;71;M. Adam;1988;Rouge;4176;121;70.0;117;65.3;1;4;5;283
Pays de la Loire;44;Garden Golf Nantes Carquefou;Carquefou;44470;18;71;M. Adam;1988;Rouge;4176;121;70.0;117;65.3;2;4;11;222
Pays de la Loire;44;Garden Golf Nantes Carquefou;Carquefou;44470;18;71;M. Adam;1988;Rouge;4176;121;70.0;117;65.3;3;5;15;325
Pays de la Loire;44;Garden Golf Nantes Carquefou;Carquefou;44470;18;71;M. Adam;1988;Rouge;4176;121;70.0;117;65.3;4;4;4;262
Pays de la Loire;44;Garden Golf Nantes Carquefou;Carquefou;44470;18;71;M. Adam;1988;Rouge;4176;121;70.0;117;65.3;5;3;14;104
Pays de la Loire;44;Garden Golf Nantes Carquefou;Carquefou;44470;18;71;M. Adam;1988;Rouge;4176;121;70.0;117;65.3;6;5;10;367
Pays de la Loire;44;Garden Golf Nantes Carquefou;Carquefou;44470;18;71;M. Adam;1988;Rouge;4176;121;70.0;117;65.3;7;4;8;226
Pays de la Loire;44;Garden Golf Nantes Carquefou;Carquefou;44470;18;71;M. Adam;1988;Rouge;4176;121;70.0;117;65.3;8;3;13;119
Pays de la Loire;44;Garden Golf Nantes Carquefou;Carquefou;44470;18;71;M. Adam;1988;Rouge;4176;121;70.0;117;65.3;9;4;17;216
Pays de la Loire;44;Garden Golf Nantes Carquefou;Carquefou;44470;18;71;M. Adam;1988;Rouge;4176;121;70.0;117;65.3;10;4;12;237
Pays de la Loire;44;Garden Golf Nantes Carquefou;Carquefou;44470;18;71;M. Adam;1988;Rouge;4176;121;70.0;117;65.3;11;4;3;269
Pays de la Loire;44;Garden Golf Nantes Carquefou;Carquefou;44470;18;71;M. Adam;1988;Rouge;4176;121;70.0;117;65.3;12;3;18;102
Pays de la Loire;44;Garden Golf Nantes Carquefou;Carquefou;44470;18;71;M. Adam;1988;Rouge;4176;121;70.0;117;65.3;13;3;1;137
Pays de la Loire;44;Garden Golf Nantes Carquefou;Carquefou;44470;18;71;M. Adam;1988;Rouge;4176;121;70.0;117;65.3;14;5;9;344
Pays de la Loire;44;Garden Golf Nantes Carquefou;Carquefou;44470;18;71;M. Adam;1988;Rouge;4176;121;70.0;117;65.3;15;4;2;259
Pays de la Loire;44;Garden Golf Nantes Carquefou;Carquefou;44470;18;71;M. Adam;1988;Rouge;4176;121;70.0;117;65.3;16;5;6;335
Pays de la Loire;44;Garden Golf Nantes Carquefou;Carquefou;44470;18;71;M. Adam;1988;Rouge;4176;121;70.0;117;65.3;17;3;16;112
Pays de la Loire;44;Garden Golf Nantes Carquefou;Carquefou;44470;18;71;M. Adam;1988;Rouge;4176;121;70.0;117;65.3;18;4;7;254
Pays de la Loire;44;Golf Blue Green Nantes-Erdre;Nantes;44300;18;70;F. Hawtree;1969;Blanc;5373;141;71.3;128;73.1;1;4;9;334
Pays de la Loire;44;Golf Blue Green Nantes-Erdre;Nantes;44300;18;70;F. Hawtree;1969;Blanc;5373;141;71.3;128;73.1;2;4;7;395
Pays de la Loire;44;Golf Blue Green Nantes-Erdre;Nantes;44300;18;70;F. Hawtree;1969;Blanc;5373;141;71.3;128;73.1;3;3;15;134
Pays de la Loire;44;Golf Blue Green Nantes-Erdre;Nantes;44300;18;70;F. Hawtree;1969;Blanc;5373;141;71.3;128;73.1;4;4;11;305
Pays de la Loire;44;Golf Blue Green Nantes-Erdre;Nantes;44300;18;70;F. Hawtree;1969;Blanc;5373;141;71.3;128;73.1;5;4;13;307
Pays de la Loire;44;Golf Blue Green Nantes-Erdre;Nantes;44300;18;70;F. Hawtree;1969;Blanc;5373;141;71.3;128;73.1;6;4;8;328
Pays de la Loire;44;Golf Blue Green Nantes-Erdre;Nantes;44300;18;70;F. Hawtree;1969;Blanc;5373;141;71.3;128;73.1;7;3;18;123
Pays de la Loire;44;Golf Blue Green Nantes-Erdre;Nantes;44300;18;70;F. Hawtree;1969;Blanc;5373;141;71.3;128;73.1;8;4;2;376
Pays de la Loire;44;Golf Blue Green Nantes-Erdre;Nantes;44300;18;70;F. Hawtree;1969;Blanc;5373;141;71.3;128;73.1;9;5;10;405
Pays de la Loire;44;Golf Blue Green Nantes-Erdre;Nantes;44300;18;70;F. Hawtree;1969;Blanc;5373;141;71.3;128;73.1;10;3;16;129
Pays de la Loire;44;Golf Blue Green Nantes-Erdre;Nantes;44300;18;70;F. Hawtree;1969;Blanc;5373;141;71.3;128;73.1;11;4;12;303
Pays de la Loire;44;Golf Blue Green Nantes-Erdre;Nantes;44300;18;70;F. Hawtree;1969;Blanc;5373;141;71.3;128;73.1;12;3;14;158
Pays de la Loire;44;Golf Blue Green Nantes-Erdre;Nantes;44300;18;70;F. Hawtree;1969;Blanc;5373;141;71.3;128;73.1;13;4;4;363
Pays de la Loire;44;Golf Blue Green Nantes-Erdre;Nantes;44300;18;70;F. Hawtree;1969;Blanc;5373;141;71.3;128;73.1;14;5;6;431
Pays de la Loire;44;Golf Blue Green Nantes-Erdre;Nantes;44300;18;70;F. Hawtree;1969;Blanc;5373;141;71.3;128;73.1;15;4;3;363
Pays de la Loire;44;Golf Blue Green Nantes-Erdre;Nantes;44300;18;70;F. Hawtree;1969;Blanc;5373;141;71.3;128;73.1;16;3;17;143
Pays de la Loire;44;Golf Blue Green Nantes-Erdre;Nantes;44300;18;70;F. Hawtree;1969;Blanc;5373;141;71.3;128;73.1;17;5;5;415
Pays de la Loire;44;Golf Blue Green Nantes-Erdre;Nantes;44300;18;70;F. Hawtree;1969;Blanc;5373;141;71.3;128;73.1;18;4;1;360
Pays de la Loire;44;Golf Blue Green Nantes-Erdre;Nantes;44300;18;70;F. Hawtree;1969;Jaune;5194;130;69.2;126;72.1;1;4;9;322
Pays de la Loire;44;Golf Blue Green Nantes-Erdre;Nantes;44300;18;70;F. Hawtree;1969;Jaune;5194;130;69.2;126;72.1;2;4;7;381
Pays de la Loire;44;Golf Blue Green Nantes-Erdre;Nantes;44300;18;70;F. Hawtree;1969;Jaune;5194;130;69.2;126;72.1;3;3;15;130
Pays de la Loire;44;Golf Blue Green Nantes-Erdre;Nantes;44300;18;70;F. Hawtree;1969;Jaune;5194;130;69.2;126;72.1;4;4;11;294
Pays de la Loire;44;Golf Blue Green Nantes-Erdre;Nantes;44300;18;70;F. Hawtree;1969;Jaune;5194;130;69.2;126;72.1;5;4;13;296
Pays de la Loire;44;Golf Blue Green Nantes-Erdre;Nantes;44300;18;70;F. Hawtree;1969;Jaune;5194;130;69.2;126;72.1;6;4;8;316
Pays de la Loire;44;Golf Blue Green Nantes-Erdre;Nantes;44300;18;70;F. Hawtree;1969;Jaune;5194;130;69.2;126;72.1;7;3;18;119
Pays de la Loire;44;Golf Blue Green Nantes-Erdre;Nantes;44300;18;70;F. Hawtree;1969;Jaune;5194;130;69.2;126;72.1;8;4;2;362
Pays de la Loire;44;Golf Blue Green Nantes-Erdre;Nantes;44300;18;70;F. Hawtree;1969;Jaune;5194;130;69.2;126;72.1;9;5;10;390
Pays de la Loire;44;Golf Blue Green Nantes-Erdre;Nantes;44300;18;70;F. Hawtree;1969;Jaune;5194;130;69.2;126;72.1;10;3;16;124
Pays de la Loire;44;Golf Blue Green Nantes-Erdre;Nantes;44300;18;70;F. Hawtree;1969;Jaune;5194;130;69.2;126;72.1;11;4;12;292
Pays de la Loire;44;Golf Blue Green Nantes-Erdre;Nantes;44300;18;70;F. Hawtree;1969;Jaune;5194;130;69.2;126;72.1;12;3;14;153
Pays de la Loire;44;Golf Blue Green Nantes-Erdre;Nantes;44300;18;70;F. Hawtree;1969;Jaune;5194;130;69.2;126;72.1;13;4;4;350
Pays de la Loire;44;Golf Blue Green Nantes-Erdre;Nantes;44300;18;70;F. Hawtree;1969;Jaune;5194;130;69.2;126;72.1;14;5;6;415
Pays de la Loire;44;Golf Blue Green Nantes-Erdre;Nantes;44300;18;70;F. Hawtree;1969;Jaune;5194;130;69.2;126;72.1;15;4;3;350
Pays de la Loire;44;Golf Blue Green Nantes-Erdre;Nantes;44300;18;70;F. Hawtree;1969;Jaune;5194;130;69.2;126;72.1;16;3;17;137
Pays de la Loire;44;Golf Blue Green Nantes-Erdre;Nantes;44300;18;70;F. Hawtree;1969;Jaune;5194;130;69.2;126;72.1;17;5;5;401
Pays de la Loire;44;Golf Blue Green Nantes-Erdre;Nantes;44300;18;70;F. Hawtree;1969;Jaune;5194;130;69.2;126;72.1;18;4;1;347
Pays de la Loire;44;Golf Blue Green Nantes-Erdre;Nantes;44300;18;70;F. Hawtree;1969;Bleu;4778;118;68.7;138;72.8;1;4;9;296
Pays de la Loire;44;Golf Blue Green Nantes-Erdre;Nantes;44300;18;70;F. Hawtree;1969;Bleu;4778;118;68.7;138;72.8;2;4;7;350
Pays de la Loire;44;Golf Blue Green Nantes-Erdre;Nantes;44300;18;70;F. Hawtree;1969;Bleu;4778;118;68.7;138;72.8;3;3;15;119
Pays de la Loire;44;Golf Blue Green Nantes-Erdre;Nantes;44300;18;70;F. Hawtree;1969;Bleu;4778;118;68.7;138;72.8;4;4;11;271
Pays de la Loire;44;Golf Blue Green Nantes-Erdre;Nantes;44300;18;70;F. Hawtree;1969;Bleu;4778;118;68.7;138;72.8;5;4;13;272
Pays de la Loire;44;Golf Blue Green Nantes-Erdre;Nantes;44300;18;70;F. Hawtree;1969;Bleu;4778;118;68.7;138;72.8;6;4;8;291
Pays de la Loire;44;Golf Blue Green Nantes-Erdre;Nantes;44300;18;70;F. Hawtree;1969;Bleu;4778;118;68.7;138;72.8;7;3;18;110
Pays de la Loire;44;Golf Blue Green Nantes-Erdre;Nantes;44300;18;70;F. Hawtree;1969;Bleu;4778;118;68.7;138;72.8;8;4;2;333
Pays de la Loire;44;Golf Blue Green Nantes-Erdre;Nantes;44300;18;70;F. Hawtree;1969;Bleu;4778;118;68.7;138;72.8;9;5;10;359
Pays de la Loire;44;Golf Blue Green Nantes-Erdre;Nantes;44300;18;70;F. Hawtree;1969;Bleu;4778;118;68.7;138;72.8;10;3;16;114
Pays de la Loire;44;Golf Blue Green Nantes-Erdre;Nantes;44300;18;70;F. Hawtree;1969;Bleu;4778;118;68.7;138;72.8;11;4;12;268
Pays de la Loire;44;Golf Blue Green Nantes-Erdre;Nantes;44300;18;70;F. Hawtree;1969;Bleu;4778;118;68.7;138;72.8;12;3;14;140
Pays de la Loire;44;Golf Blue Green Nantes-Erdre;Nantes;44300;18;70;F. Hawtree;1969;Bleu;4778;118;68.7;138;72.8;13;4;4;322
Pays de la Loire;44;Golf Blue Green Nantes-Erdre;Nantes;44300;18;70;F. Hawtree;1969;Bleu;4778;118;68.7;138;72.8;14;5;6;382
Pays de la Loire;44;Golf Blue Green Nantes-Erdre;Nantes;44300;18;70;F. Hawtree;1969;Bleu;4778;118;68.7;138;72.8;15;4;3;322
Pays de la Loire;44;Golf Blue Green Nantes-Erdre;Nantes;44300;18;70;F. Hawtree;1969;Bleu;4778;118;68.7;138;72.8;16;3;17;126
Pays de la Loire;44;Golf Blue Green Nantes-Erdre;Nantes;44300;18;70;F. Hawtree;1969;Bleu;4778;118;68.7;138;72.8;17;5;5;368
Pays de la Loire;44;Golf Blue Green Nantes-Erdre;Nantes;44300;18;70;F. Hawtree;1969;Bleu;4778;118;68.7;138;72.8;18;4;1;319
Pays de la Loire;44;Golf Blue Green Nantes-Erdre;Nantes;44300;18;70;F. Hawtree;1969;Rouge;4388;114;66.8;131;70.8;1;4;9;272
Pays de la Loire;44;Golf Blue Green Nantes-Erdre;Nantes;44300;18;70;F. Hawtree;1969;Rouge;4388;114;66.8;131;70.8;2;4;7;322
Pays de la Loire;44;Golf Blue Green Nantes-Erdre;Nantes;44300;18;70;F. Hawtree;1969;Rouge;4388;114;66.8;131;70.8;3;3;15;110
Pays de la Loire;44;Golf Blue Green Nantes-Erdre;Nantes;44300;18;70;F. Hawtree;1969;Rouge;4388;114;66.8;131;70.8;4;4;11;249
Pays de la Loire;44;Golf Blue Green Nantes-Erdre;Nantes;44300;18;70;F. Hawtree;1969;Rouge;4388;114;66.8;131;70.8;5;4;13;251
Pays de la Loire;44;Golf Blue Green Nantes-Erdre;Nantes;44300;18;70;F. Hawtree;1969;Rouge;4388;114;66.8;131;70.8;6;4;8;267
Pays de la Loire;44;Golf Blue Green Nantes-Erdre;Nantes;44300;18;70;F. Hawtree;1969;Rouge;4388;114;66.8;131;70.8;7;3;18;101
Pays de la Loire;44;Golf Blue Green Nantes-Erdre;Nantes;44300;18;70;F. Hawtree;1969;Rouge;4388;114;66.8;131;70.8;8;4;2;306
Pays de la Loire;44;Golf Blue Green Nantes-Erdre;Nantes;44300;18;70;F. Hawtree;1969;Rouge;4388;114;66.8;131;70.8;9;5;10;330
Pays de la Loire;44;Golf Blue Green Nantes-Erdre;Nantes;44300;18;70;F. Hawtree;1969;Rouge;4388;114;66.8;131;70.8;10;3;16;105
Pays de la Loire;44;Golf Blue Green Nantes-Erdre;Nantes;44300;18;70;F. Hawtree;1969;Rouge;4388;114;66.8;131;70.8;11;4;12;246
Pays de la Loire;44;Golf Blue Green Nantes-Erdre;Nantes;44300;18;70;F. Hawtree;1969;Rouge;4388;114;66.8;131;70.8;12;3;14;129
Pays de la Loire;44;Golf Blue Green Nantes-Erdre;Nantes;44300;18;70;F. Hawtree;1969;Rouge;4388;114;66.8;131;70.8;13;4;4;295
Pays de la Loire;44;Golf Blue Green Nantes-Erdre;Nantes;44300;18;70;F. Hawtree;1969;Rouge;4388;114;66.8;131;70.8;14;5;6;350
Pays de la Loire;44;Golf Blue Green Nantes-Erdre;Nantes;44300;18;70;F. Hawtree;1969;Rouge;4388;114;66.8;131;70.8;15;4;3;295
Pays de la Loire;44;Golf Blue Green Nantes-Erdre;Nantes;44300;18;70;F. Hawtree;1969;Rouge;4388;114;66.8;131;70.8;16;3;17;116
Pays de la Loire;44;Golf Blue Green Nantes-Erdre;Nantes;44300;18;70;F. Hawtree;1969;Rouge;4388;114;66.8;131;70.8;17;5;5;337
Pays de la Loire;44;Golf Blue Green Nantes-Erdre;Nantes;44300;18;70;F. Hawtree;1969;Rouge;4388;114;66.8;131;70.8;18;4;1;294
Pays de la Loire;44;Golf de la Bretesche;Missillac;44780;18;72;Henry Cotton;1967;Blanc;6003;117;69.2;136;76.9;1;4;15;347
Pays de la Loire;44;Golf de la Bretesche;Missillac;44780;18;72;Henry Cotton;1967;Blanc;6003;117;69.2;136;76.9;2;4;5;366
Pays de la Loire;44;Golf de la Bretesche;Missillac;44780;18;72;Henry Cotton;1967;Blanc;6003;117;69.2;136;76.9;3;3;17;150
Pays de la Loire;44;Golf de la Bretesche;Missillac;44780;18;72;Henry Cotton;1967;Blanc;6003;117;69.2;136;76.9;4;5;9;443
Pays de la Loire;44;Golf de la Bretesche;Missillac;44780;18;72;Henry Cotton;1967;Blanc;6003;117;69.2;136;76.9;5;4;11;383
Pays de la Loire;44;Golf de la Bretesche;Missillac;44780;18;72;Henry Cotton;1967;Blanc;6003;117;69.2;136;76.9;6;3;13;200
Pays de la Loire;44;Golf de la Bretesche;Missillac;44780;18;72;Henry Cotton;1967;Blanc;6003;117;69.2;136;76.9;7;4;1;401
Pays de la Loire;44;Golf de la Bretesche;Missillac;44780;18;72;Henry Cotton;1967;Blanc;6003;117;69.2;136;76.9;8;4;3;383
Pays de la Loire;44;Golf de la Bretesche;Missillac;44780;18;72;Henry Cotton;1967;Blanc;6003;117;69.2;136;76.9;9;5;7;443
Pays de la Loire;44;Golf de la Bretesche;Missillac;44780;18;72;Henry Cotton;1967;Blanc;6003;117;69.2;136;76.9;10;4;14;328
Pays de la Loire;44;Golf de la Bretesche;Missillac;44780;18;72;Henry Cotton;1967;Blanc;6003;117;69.2;136;76.9;11;4;2;379
Pays de la Loire;44;Golf de la Bretesche;Missillac;44780;18;72;Henry Cotton;1967;Blanc;6003;117;69.2;136;76.9;12;4;6;358
Pays de la Loire;44;Golf de la Bretesche;Missillac;44780;18;72;Henry Cotton;1967;Blanc;6003;117;69.2;136;76.9;13;5;4;478
Pays de la Loire;44;Golf de la Bretesche;Missillac;44780;18;72;Henry Cotton;1967;Blanc;6003;117;69.2;136;76.9;14;4;16;319
Pays de la Loire;44;Golf de la Bretesche;Missillac;44780;18;72;Henry Cotton;1967;Blanc;6003;117;69.2;136;76.9;15;3;12;159
Pays de la Loire;44;Golf de la Bretesche;Missillac;44780;18;72;Henry Cotton;1967;Blanc;6003;117;69.2;136;76.9;16;5;8;452
Pays de la Loire;44;Golf de la Bretesche;Missillac;44780;18;72;Henry Cotton;1967;Blanc;6003;117;69.2;136;76.9;17;3;10;159
Pays de la Loire;44;Golf de la Bretesche;Missillac;44780;18;72;Henry Cotton;1967;Blanc;6003;117;69.2;136;76.9;18;4;18;258
Pays de la Loire;44;Golf de la Bretesche;Missillac;44780;18;72;Henry Cotton;1967;Jaune;5746;114;68.5;133;75.4;1;4;15;332
Pays de la Loire;44;Golf de la Bretesche;Missillac;44780;18;72;Henry Cotton;1967;Jaune;5746;114;68.5;133;75.4;2;4;5;350
Pays de la Loire;44;Golf de la Bretesche;Missillac;44780;18;72;Henry Cotton;1967;Jaune;5746;114;68.5;133;75.4;3;3;17;144
Pays de la Loire;44;Golf de la Bretesche;Missillac;44780;18;72;Henry Cotton;1967;Jaune;5746;114;68.5;133;75.4;4;5;9;423
Pays de la Loire;44;Golf de la Bretesche;Missillac;44780;18;72;Henry Cotton;1967;Jaune;5746;114;68.5;133;75.4;5;4;11;367
Pays de la Loire;44;Golf de la Bretesche;Missillac;44780;18;72;Henry Cotton;1967;Jaune;5746;114;68.5;133;75.4;6;3;13;192
Pays de la Loire;44;Golf de la Bretesche;Missillac;44780;18;72;Henry Cotton;1967;Jaune;5746;114;68.5;133;75.4;7;4;1;383
Pays de la Loire;44;Golf de la Bretesche;Missillac;44780;18;72;Henry Cotton;1967;Jaune;5746;114;68.5;133;75.4;8;4;3;367
Pays de la Loire;44;Golf de la Bretesche;Missillac;44780;18;72;Henry Cotton;1967;Jaune;5746;114;68.5;133;75.4;9;5;7;425
Pays de la Loire;44;Golf de la Bretesche;Missillac;44780;18;72;Henry Cotton;1967;Jaune;5746;114;68.5;133;75.4;10;4;14;315
Pays de la Loire;44;Golf de la Bretesche;Missillac;44780;18;72;Henry Cotton;1967;Jaune;5746;114;68.5;133;75.4;11;4;2;362
Pays de la Loire;44;Golf de la Bretesche;Missillac;44780;18;72;Henry Cotton;1967;Jaune;5746;114;68.5;133;75.4;12;4;6;342
Pays de la Loire;44;Golf de la Bretesche;Missillac;44780;18;72;Henry Cotton;1967;Jaune;5746;114;68.5;133;75.4;13;5;4;458
Pays de la Loire;44;Golf de la Bretesche;Missillac;44780;18;72;Henry Cotton;1967;Jaune;5746;114;68.5;133;75.4;14;4;16;305
Pays de la Loire;44;Golf de la Bretesche;Missillac;44780;18;72;Henry Cotton;1967;Jaune;5746;114;68.5;133;75.4;15;3;12;153
Pays de la Loire;44;Golf de la Bretesche;Missillac;44780;18;72;Henry Cotton;1967;Jaune;5746;114;68.5;133;75.4;16;5;8;433
Pays de la Loire;44;Golf de la Bretesche;Missillac;44780;18;72;Henry Cotton;1967;Jaune;5746;114;68.5;133;75.4;17;3;10;153
Pays de la Loire;44;Golf de la Bretesche;Missillac;44780;18;72;Henry Cotton;1967;Jaune;5746;114;68.5;133;75.4;18;4;18;247
Pays de la Loire;44;Golf de la Bretesche;Missillac;44780;18;72;Henry Cotton;1967;Bleu;5105;121;70.4;113;67.1;1;4;15;295
Pays de la Loire;44;Golf de la Bretesche;Missillac;44780;18;72;Henry Cotton;1967;Bleu;5105;121;70.4;113;67.1;2;4;5;311
Pays de la Loire;44;Golf de la Bretesche;Missillac;44780;18;72;Henry Cotton;1967;Bleu;5105;121;70.4;113;67.1;3;3;17;128
Pays de la Loire;44;Golf de la Bretesche;Missillac;44780;18;72;Henry Cotton;1967;Bleu;5105;121;70.4;113;67.1;4;5;9;376
Pays de la Loire;44;Golf de la Bretesche;Missillac;44780;18;72;Henry Cotton;1967;Bleu;5105;121;70.4;113;67.1;5;4;11;326
Pays de la Loire;44;Golf de la Bretesche;Missillac;44780;18;72;Henry Cotton;1967;Bleu;5105;121;70.4;113;67.1;6;3;13;170
Pays de la Loire;44;Golf de la Bretesche;Missillac;44780;18;72;Henry Cotton;1967;Bleu;5105;121;70.4;113;67.1;7;4;1;341
Pays de la Loire;44;Golf de la Bretesche;Missillac;44780;18;72;Henry Cotton;1967;Bleu;5105;121;70.4;113;67.1;8;4;3;326
Pays de la Loire;44;Golf de la Bretesche;Missillac;44780;18;72;Henry Cotton;1967;Bleu;5105;121;70.4;113;67.1;9;5;7;378
Pays de la Loire;44;Golf de la Bretesche;Missillac;44780;18;72;Henry Cotton;1967;Bleu;5105;121;70.4;113;67.1;10;4;14;280
Pays de la Loire;44;Golf de la Bretesche;Missillac;44780;18;72;Henry Cotton;1967;Bleu;5105;121;70.4;113;67.1;11;4;2;322
Pays de la Loire;44;Golf de la Bretesche;Missillac;44780;18;72;Henry Cotton;1967;Bleu;5105;121;70.4;113;67.1;12;4;6;304
Pays de la Loire;44;Golf de la Bretesche;Missillac;44780;18;72;Henry Cotton;1967;Bleu;5105;121;70.4;113;67.1;13;5;4;407
Pays de la Loire;44;Golf de la Bretesche;Missillac;44780;18;72;Henry Cotton;1967;Bleu;5105;121;70.4;113;67.1;14;4;16;272
Pays de la Loire;44;Golf de la Bretesche;Missillac;44780;18;72;Henry Cotton;1967;Bleu;5105;121;70.4;113;67.1;15;3;12;135
Pays de la Loire;44;Golf de la Bretesche;Missillac;44780;18;72;Henry Cotton;1967;Bleu;5105;121;70.4;113;67.1;16;5;8;385
Pays de la Loire;44;Golf de la Bretesche;Missillac;44780;18;72;Henry Cotton;1967;Bleu;5105;121;70.4;113;67.1;17;3;10;135
Pays de la Loire;44;Golf de la Bretesche;Missillac;44780;18;72;Henry Cotton;1967;Bleu;5105;121;70.4;113;67.1;18;4;18;219
Pays de la Loire;44;Golf de la Bretesche;Missillac;44780;18;72;Henry Cotton;1967;Rouge;4837;118;69.1;107;65.9;1;4;15;280
Pays de la Loire;44;Golf de la Bretesche;Missillac;44780;18;72;Henry Cotton;1967;Rouge;4837;118;69.1;107;65.9;2;4;5;294
Pays de la Loire;44;Golf de la Bretesche;Missillac;44780;18;72;Henry Cotton;1967;Rouge;4837;118;69.1;107;65.9;3;3;17;121
Pays de la Loire;44;Golf de la Bretesche;Missillac;44780;18;72;Henry Cotton;1967;Rouge;4837;118;69.1;107;65.9;4;5;9;357
Pays de la Loire;44;Golf de la Bretesche;Missillac;44780;18;72;Henry Cotton;1967;Rouge;4837;118;69.1;107;65.9;5;4;11;309
Pays de la Loire;44;Golf de la Bretesche;Missillac;44780;18;72;Henry Cotton;1967;Rouge;4837;118;69.1;107;65.9;6;3;13;161
Pays de la Loire;44;Golf de la Bretesche;Missillac;44780;18;72;Henry Cotton;1967;Rouge;4837;118;69.1;107;65.9;7;4;1;323
Pays de la Loire;44;Golf de la Bretesche;Missillac;44780;18;72;Henry Cotton;1967;Rouge;4837;118;69.1;107;65.9;8;4;3;309
Pays de la Loire;44;Golf de la Bretesche;Missillac;44780;18;72;Henry Cotton;1967;Rouge;4837;118;69.1;107;65.9;9;5;7;358
Pays de la Loire;44;Golf de la Bretesche;Missillac;44780;18;72;Henry Cotton;1967;Rouge;4837;118;69.1;107;65.9;10;4;14;265
Pays de la Loire;44;Golf de la Bretesche;Missillac;44780;18;72;Henry Cotton;1967;Rouge;4837;118;69.1;107;65.9;11;4;2;305
Pays de la Loire;44;Golf de la Bretesche;Missillac;44780;18;72;Henry Cotton;1967;Rouge;4837;118;69.1;107;65.9;12;4;6;288
Pays de la Loire;44;Golf de la Bretesche;Missillac;44780;18;72;Henry Cotton;1967;Rouge;4837;118;69.1;107;65.9;13;5;4;386
Pays de la Loire;44;Golf de la Bretesche;Missillac;44780;18;72;Henry Cotton;1967;Rouge;4837;118;69.1;107;65.9;14;4;16;258
Pays de la Loire;44;Golf de la Bretesche;Missillac;44780;18;72;Henry Cotton;1967;Rouge;4837;118;69.1;107;65.9;15;3;12;128
Pays de la Loire;44;Golf de la Bretesche;Missillac;44780;18;72;Henry Cotton;1967;Rouge;4837;118;69.1;107;65.9;16;5;8;365
Pays de la Loire;44;Golf de la Bretesche;Missillac;44780;18;72;Henry Cotton;1967;Rouge;4837;118;69.1;107;65.9;17;3;10;128
Pays de la Loire;44;Golf de la Bretesche;Missillac;44780;18;72;Henry Cotton;1967;Rouge;4837;118;69.1;107;65.9;18;4;18;208
Pays de la Loire;44;Golf Int. Barriere La Baule - Rouge;Saint-Andre-des-Eaux;44117;18;72;P. Thevenin;1976;Blanc;6055;134;73.5;138;76.0;1;4;8;106
Pays de la Loire;44;Golf Int. Barriere La Baule - Rouge;Saint-Andre-des-Eaux;44117;18;72;P. Thevenin;1976;Blanc;6055;134;73.5;138;76.0;2;4;41;80
Pays de la Loire;44;Golf Int. Barriere La Baule - Rouge;Saint-Andre-des-Eaux;44117;18;72;P. Thevenin;1976;Blanc;6055;134;73.5;138;76.0;3;4;40;90
Pays de la Loire;44;Golf Int. Barriere La Baule - Rouge;Saint-Andre-des-Eaux;44117;18;72;P. Thevenin;1976;Blanc;6055;134;73.5;138;76.0;4;4;56;86
Pays de la Loire;44;Golf Int. Barriere La Baule - Rouge;Saint-Andre-des-Eaux;44117;18;72;P. Thevenin;1976;Blanc;6055;134;73.5;138;76.0;5;4;21;92
Pays de la Loire;44;Golf Int. Barriere La Baule - Rouge;Saint-Andre-des-Eaux;44117;18;72;P. Thevenin;1976;Blanc;6055;134;73.5;138;76.0;6;4;12;98
Pays de la Loire;44;Golf Int. Barriere La Baule - Rouge;Saint-Andre-des-Eaux;44117;18;72;P. Thevenin;1976;Blanc;6055;134;73.5;138;76.0;7;4;33;105
Pays de la Loire;44;Golf Int. Barriere La Baule - Rouge;Saint-Andre-des-Eaux;44117;18;72;P. Thevenin;1976;Blanc;6055;134;73.5;138;76.0;8;4;59;89
Pays de la Loire;44;Golf Int. Barriere La Baule - Rouge;Saint-Andre-des-Eaux;44117;18;72;P. Thevenin;1976;Blanc;6055;134;73.5;138;76.0;9;4;61;82
Pays de la Loire;44;Golf Int. Barriere La Baule - Rouge;Saint-Andre-des-Eaux;44117;18;72;P. Thevenin;1976;Blanc;6055;134;73.5;138;76.0;10;4;52;89
Pays de la Loire;44;Golf Int. Barriere La Baule - Rouge;Saint-Andre-des-Eaux;44117;18;72;P. Thevenin;1976;Blanc;6055;134;73.5;138;76.0;11;4;11;89
Pays de la Loire;44;Golf Int. Barriere La Baule - Rouge;Saint-Andre-des-Eaux;44117;18;72;P. Thevenin;1976;Blanc;6055;134;73.5;138;76.0;12;4;55;84
Pays de la Loire;44;Golf Int. Barriere La Baule - Rouge;Saint-Andre-des-Eaux;44117;18;72;P. Thevenin;1976;Blanc;6055;134;73.5;138;76.0;13;4;14;100
Pays de la Loire;44;Golf Int. Barriere La Baule - Rouge;Saint-Andre-des-Eaux;44117;18;72;P. Thevenin;1976;Blanc;6055;134;73.5;138;76.0;14;4;20;86
Pays de la Loire;44;Golf Int. Barriere La Baule - Rouge;Saint-Andre-des-Eaux;44117;18;72;P. Thevenin;1976;Blanc;6055;134;73.5;138;76.0;15;4;38;101
Pays de la Loire;44;Golf Int. Barriere La Baule - Rouge;Saint-Andre-des-Eaux;44117;18;72;P. Thevenin;1976;Blanc;6055;134;73.5;138;76.0;16;4;19;100
Pays de la Loire;44;Golf Int. Barriere La Baule - Rouge;Saint-Andre-des-Eaux;44117;18;72;P. Thevenin;1976;Blanc;6055;134;73.5;138;76.0;17;4;22;99
Pays de la Loire;44;Golf Int. Barriere La Baule - Rouge;Saint-Andre-des-Eaux;44117;18;72;P. Thevenin;1976;Blanc;6055;134;73.5;138;76.0;18;4;26;79
Pays de la Loire;44;Golf Int. Barriere La Baule - Rouge;Saint-Andre-des-Eaux;44117;18;72;P. Thevenin;1976;Blanc;6055;134;73.5;138;76.0;19;4;16;97
Pays de la Loire;44;Golf Int. Barriere La Baule - Rouge;Saint-Andre-des-Eaux;44117;18;72;P. Thevenin;1976;Blanc;6055;134;73.5;138;76.0;20;4;7;98
Pays de la Loire;44;Golf Int. Barriere La Baule - Rouge;Saint-Andre-des-Eaux;44117;18;72;P. Thevenin;1976;Blanc;6055;134;73.5;138;76.0;21;4;51;83
Pays de la Loire;44;Golf Int. Barriere La Baule - Rouge;Saint-Andre-des-Eaux;44117;18;72;P. Thevenin;1976;Blanc;6055;134;73.5;138;76.0;22;4;10;95
Pays de la Loire;44;Golf Int. Barriere La Baule - Rouge;Saint-Andre-des-Eaux;44117;18;72;P. Thevenin;1976;Blanc;6055;134;73.5;138;76.0;23;4;44;102
Pays de la Loire;44;Golf Int. Barriere La Baule - Rouge;Saint-Andre-des-Eaux;44117;18;72;P. Thevenin;1976;Blanc;6055;134;73.5;138;76.0;24;4;58;85
Pays de la Loire;44;Golf Int. Barriere La Baule - Rouge;Saint-Andre-des-Eaux;44117;18;72;P. Thevenin;1976;Blanc;6055;134;73.5;138;76.0;25;4;28;82
Pays de la Loire;44;Golf Int. Barriere La Baule - Rouge;Saint-Andre-des-Eaux;44117;18;72;P. Thevenin;1976;Blanc;6055;134;73.5;138;76.0;26;4;32;93
Pays de la Loire;44;Golf Int. Barriere La Baule - Rouge;Saint-Andre-des-Eaux;44117;18;72;P. Thevenin;1976;Blanc;6055;134;73.5;138;76.0;27;4;31;90
Pays de la Loire;44;Golf Int. Barriere La Baule - Rouge;Saint-Andre-des-Eaux;44117;18;72;P. Thevenin;1976;Blanc;6055;134;73.5;138;76.0;28;4;57;86
Pays de la Loire;44;Golf Int. Barriere La Baule - Rouge;Saint-Andre-des-Eaux;44117;18;72;P. Thevenin;1976;Blanc;6055;134;73.5;138;76.0;29;4;27;98
Pays de la Loire;44;Golf Int. Barriere La Baule - Rouge;Saint-Andre-des-Eaux;44117;18;72;P. Thevenin;1976;Blanc;6055;134;73.5;138;76.0;30;4;13;100
Pays de la Loire;44;Golf Int. Barriere La Baule - Rouge;Saint-Andre-des-Eaux;44117;18;72;P. Thevenin;1976;Blanc;6055;134;73.5;138;76.0;31;4;37;96
Pays de la Loire;44;Golf Int. Barriere La Baule - Rouge;Saint-Andre-des-Eaux;44117;18;72;P. Thevenin;1976;Blanc;6055;134;73.5;138;76.0;32;4;30;84
Pays de la Loire;44;Golf Int. Barriere La Baule - Rouge;Saint-Andre-des-Eaux;44117;18;72;P. Thevenin;1976;Blanc;6055;134;73.5;138;76.0;33;4;50;100
Pays de la Loire;44;Golf Int. Barriere La Baule - Rouge;Saint-Andre-des-Eaux;44117;18;72;P. Thevenin;1976;Blanc;6055;134;73.5;138;76.0;34;4;39;88
Pays de la Loire;44;Golf Int. Barriere La Baule - Rouge;Saint-Andre-des-Eaux;44117;18;72;P. Thevenin;1976;Blanc;6055;134;73.5;138;76.0;35;4;2;105
Pays de la Loire;44;Golf Int. Barriere La Baule - Rouge;Saint-Andre-des-Eaux;44117;18;72;P. Thevenin;1976;Blanc;6055;134;73.5;138;76.0;36;3;67;47
Pays de la Loire;44;Golf Int. Barriere La Baule - Rouge;Saint-Andre-des-Eaux;44117;18;72;P. Thevenin;1976;Blanc;6055;134;73.5;138;76.0;37;4;4;103
Pays de la Loire;44;Golf Int. Barriere La Baule - Rouge;Saint-Andre-des-Eaux;44117;18;72;P. Thevenin;1976;Blanc;6055;134;73.5;138;76.0;38;4;63;79
Pays de la Loire;44;Golf Int. Barriere La Baule - Rouge;Saint-Andre-des-Eaux;44117;18;72;P. Thevenin;1976;Blanc;6055;134;73.5;138;76.0;39;4;17;85
Pays de la Loire;44;Golf Int. Barriere La Baule - Rouge;Saint-Andre-des-Eaux;44117;18;72;P. Thevenin;1976;Blanc;6055;134;73.5;138;76.0;40;4;18;105
Pays de la Loire;44;Golf Int. Barriere La Baule - Rouge;Saint-Andre-des-Eaux;44117;18;72;P. Thevenin;1976;Blanc;6055;134;73.5;138;76.0;41;4;24;78
Pays de la Loire;44;Golf Int. Barriere La Baule - Rouge;Saint-Andre-des-Eaux;44117;18;72;P. Thevenin;1976;Blanc;6055;134;73.5;138;76.0;42;4;3;104
Pays de la Loire;44;Golf Int. Barriere La Baule - Rouge;Saint-Andre-des-Eaux;44117;18;72;P. Thevenin;1976;Blanc;6055;134;73.5;138;76.0;43;4;15;88
Pays de la Loire;44;Golf Int. Barriere La Baule - Rouge;Saint-Andre-des-Eaux;44117;18;72;P. Thevenin;1976;Blanc;6055;134;73.5;138;76.0;44;4;43;90
Pays de la Loire;44;Golf Int. Barriere La Baule - Rouge;Saint-Andre-des-Eaux;44117;18;72;P. Thevenin;1976;Blanc;6055;134;73.5;138;76.0;45;4;53;86
Pays de la Loire;44;Golf Int. Barriere La Baule - Rouge;Saint-Andre-des-Eaux;44117;18;72;P. Thevenin;1976;Blanc;6055;134;73.5;138;76.0;46;4;42;79
Pays de la Loire;44;Golf Int. Barriere La Baule - Rouge;Saint-Andre-des-Eaux;44117;18;72;P. Thevenin;1976;Blanc;6055;134;73.5;138;76.0;47;4;54;84
Pays de la Loire;44;Golf Int. Barriere La Baule - Rouge;Saint-Andre-des-Eaux;44117;18;72;P. Thevenin;1976;Blanc;6055;134;73.5;138;76.0;48;4;9;96
Pays de la Loire;44;Golf Int. Barriere La Baule - Rouge;Saint-Andre-des-Eaux;44117;18;72;P. Thevenin;1976;Blanc;6055;134;73.5;138;76.0;49;4;5;101
Pays de la Loire;44;Golf Int. Barriere La Baule - Rouge;Saint-Andre-des-Eaux;44117;18;72;P. Thevenin;1976;Blanc;6055;134;73.5;138;76.0;50;4;62;88
Pays de la Loire;44;Golf Int. Barriere La Baule - Rouge;Saint-Andre-des-Eaux;44117;18;72;P. Thevenin;1976;Blanc;6055;134;73.5;138;76.0;51;4;23;84
Pays de la Loire;44;Golf Int. Barriere La Baule - Rouge;Saint-Andre-des-Eaux;44117;18;72;P. Thevenin;1976;Blanc;6055;134;73.5;138;76.0;52;3;66;45
Pays de la Loire;44;Golf Int. Barriere La Baule - Rouge;Saint-Andre-des-Eaux;44117;18;72;P. Thevenin;1976;Blanc;6055;134;73.5;138;76.0;53;3;65;43
Pays de la Loire;44;Golf Int. Barriere La Baule - Rouge;Saint-Andre-des-Eaux;44117;18;72;P. Thevenin;1976;Blanc;6055;134;73.5;138;76.0;54;4;60;90
Pays de la Loire;44;Golf Int. Barriere La Baule - Rouge;Saint-Andre-des-Eaux;44117;18;72;P. Thevenin;1976;Blanc;6055;134;73.5;138;76.0;55;4;36;99
Pays de la Loire;44;Golf Int. Barriere La Baule - Rouge;Saint-Andre-des-Eaux;44117;18;72;P. Thevenin;1976;Blanc;6055;134;73.5;138;76.0;56;4;29;92
Pays de la Loire;44;Golf Int. Barriere La Baule - Rouge;Saint-Andre-des-Eaux;44117;18;72;P. Thevenin;1976;Blanc;6055;134;73.5;138;76.0;57;4;47;82
Pays de la Loire;44;Golf Int. Barriere La Baule - Rouge;Saint-Andre-des-Eaux;44117;18;72;P. Thevenin;1976;Blanc;6055;134;73.5;138;76.0;58;4;46;86
Pays de la Loire;44;Golf Int. Barriere La Baule - Rouge;Saint-Andre-des-Eaux;44117;18;72;P. Thevenin;1976;Blanc;6055;134;73.5;138;76.0;59;4;64;81
Pays de la Loire;44;Golf Int. Barriere La Baule - Rouge;Saint-Andre-des-Eaux;44117;18;72;P. Thevenin;1976;Blanc;6055;134;73.5;138;76.0;60;4;49;85
Pays de la Loire;44;Golf Int. Barriere La Baule - Rouge;Saint-Andre-des-Eaux;44117;18;72;P. Thevenin;1976;Blanc;6055;134;73.5;138;76.0;61;4;1;102
Pays de la Loire;44;Golf Int. Barriere La Baule - Rouge;Saint-Andre-des-Eaux;44117;18;72;P. Thevenin;1976;Blanc;6055;134;73.5;138;76.0;62;4;45;96
Pays de la Loire;44;Golf Int. Barriere La Baule - Rouge;Saint-Andre-des-Eaux;44117;18;72;P. Thevenin;1976;Blanc;6055;134;73.5;138;76.0;63;4;48;95
Pays de la Loire;44;Golf Int. Barriere La Baule - Rouge;Saint-Andre-des-Eaux;44117;18;72;P. Thevenin;1976;Blanc;6055;134;73.5;138;76.0;64;4;25;86
Pays de la Loire;44;Golf Int. Barriere La Baule - Rouge;Saint-Andre-des-Eaux;44117;18;72;P. Thevenin;1976;Blanc;6055;134;73.5;138;76.0;65;4;35;102
Pays de la Loire;44;Golf Int. Barriere La Baule - Rouge;Saint-Andre-des-Eaux;44117;18;72;P. Thevenin;1976;Blanc;6055;134;73.5;138;76.0;66;4;6;97
Pays de la Loire;44;Golf Int. Barriere La Baule - Rouge;Saint-Andre-des-Eaux;44117;18;72;P. Thevenin;1976;Blanc;6055;134;73.5;138;76.0;67;3;68;42
Pays de la Loire;44;Golf Int. Barriere La Baule - Rouge;Saint-Andre-des-Eaux;44117;18;72;P. Thevenin;1976;Blanc;6055;134;73.5;138;76.0;68;4;34;98
Pays de la Loire;44;Golf Int. Barriere La Baule - Rouge;Saint-Andre-des-Eaux;44117;18;72;P. Thevenin;1976;Jaune;5715;129;71.8;133;74.2;1;4;8;100
Pays de la Loire;44;Golf Int. Barriere La Baule - Rouge;Saint-Andre-des-Eaux;44117;18;72;P. Thevenin;1976;Jaune;5715;129;71.8;133;74.2;2;4;41;75
Pays de la Loire;44;Golf Int. Barriere La Baule - Rouge;Saint-Andre-des-Eaux;44117;18;72;P. Thevenin;1976;Jaune;5715;129;71.8;133;74.2;3;4;40;85
Pays de la Loire;44;Golf Int. Barriere La Baule - Rouge;Saint-Andre-des-Eaux;44117;18;72;P. Thevenin;1976;Jaune;5715;129;71.8;133;74.2;4;4;56;81
Pays de la Loire;44;Golf Int. Barriere La Baule - Rouge;Saint-Andre-des-Eaux;44117;18;72;P. Thevenin;1976;Jaune;5715;129;71.8;133;74.2;5;4;21;86
Pays de la Loire;44;Golf Int. Barriere La Baule - Rouge;Saint-Andre-des-Eaux;44117;18;72;P. Thevenin;1976;Jaune;5715;129;71.8;133;74.2;6;4;12;92
Pays de la Loire;44;Golf Int. Barriere La Baule - Rouge;Saint-Andre-des-Eaux;44117;18;72;P. Thevenin;1976;Jaune;5715;129;71.8;133;74.2;7;4;33;99
Pays de la Loire;44;Golf Int. Barriere La Baule - Rouge;Saint-Andre-des-Eaux;44117;18;72;P. Thevenin;1976;Jaune;5715;129;71.8;133;74.2;8;4;59;84
Pays de la Loire;44;Golf Int. Barriere La Baule - Rouge;Saint-Andre-des-Eaux;44117;18;72;P. Thevenin;1976;Jaune;5715;129;71.8;133;74.2;9;4;61;77
Pays de la Loire;44;Golf Int. Barriere La Baule - Rouge;Saint-Andre-des-Eaux;44117;18;72;P. Thevenin;1976;Jaune;5715;129;71.8;133;74.2;10;4;52;84
Pays de la Loire;44;Golf Int. Barriere La Baule - Rouge;Saint-Andre-des-Eaux;44117;18;72;P. Thevenin;1976;Jaune;5715;129;71.8;133;74.2;11;4;11;84
Pays de la Loire;44;Golf Int. Barriere La Baule - Rouge;Saint-Andre-des-Eaux;44117;18;72;P. Thevenin;1976;Jaune;5715;129;71.8;133;74.2;12;4;55;79
Pays de la Loire;44;Golf Int. Barriere La Baule - Rouge;Saint-Andre-des-Eaux;44117;18;72;P. Thevenin;1976;Jaune;5715;129;71.8;133;74.2;13;4;14;94
Pays de la Loire;44;Golf Int. Barriere La Baule - Rouge;Saint-Andre-des-Eaux;44117;18;72;P. Thevenin;1976;Jaune;5715;129;71.8;133;74.2;14;4;20;81
Pays de la Loire;44;Golf Int. Barriere La Baule - Rouge;Saint-Andre-des-Eaux;44117;18;72;P. Thevenin;1976;Jaune;5715;129;71.8;133;74.2;15;4;38;95
Pays de la Loire;44;Golf Int. Barriere La Baule - Rouge;Saint-Andre-des-Eaux;44117;18;72;P. Thevenin;1976;Jaune;5715;129;71.8;133;74.2;16;4;19;94
Pays de la Loire;44;Golf Int. Barriere La Baule - Rouge;Saint-Andre-des-Eaux;44117;18;72;P. Thevenin;1976;Jaune;5715;129;71.8;133;74.2;17;4;22;93
Pays de la Loire;44;Golf Int. Barriere La Baule - Rouge;Saint-Andre-des-Eaux;44117;18;72;P. Thevenin;1976;Jaune;5715;129;71.8;133;74.2;18;4;26;74
Pays de la Loire;44;Golf Int. Barriere La Baule - Rouge;Saint-Andre-des-Eaux;44117;18;72;P. Thevenin;1976;Jaune;5715;129;71.8;133;74.2;19;4;16;91
Pays de la Loire;44;Golf Int. Barriere La Baule - Rouge;Saint-Andre-des-Eaux;44117;18;72;P. Thevenin;1976;Jaune;5715;129;71.8;133;74.2;20;4;7;92
Pays de la Loire;44;Golf Int. Barriere La Baule - Rouge;Saint-Andre-des-Eaux;44117;18;72;P. Thevenin;1976;Jaune;5715;129;71.8;133;74.2;21;4;51;78
Pays de la Loire;44;Golf Int. Barriere La Baule - Rouge;Saint-Andre-des-Eaux;44117;18;72;P. Thevenin;1976;Jaune;5715;129;71.8;133;74.2;22;4;10;89
Pays de la Loire;44;Golf Int. Barriere La Baule - Rouge;Saint-Andre-des-Eaux;44117;18;72;P. Thevenin;1976;Jaune;5715;129;71.8;133;74.2;23;4;44;96
Pays de la Loire;44;Golf Int. Barriere La Baule - Rouge;Saint-Andre-des-Eaux;44117;18;72;P. Thevenin;1976;Jaune;5715;129;71.8;133;74.2;24;4;58;80
Pays de la Loire;44;Golf Int. Barriere La Baule - Rouge;Saint-Andre-des-Eaux;44117;18;72;P. Thevenin;1976;Jaune;5715;129;71.8;133;74.2;25;4;28;77
Pays de la Loire;44;Golf Int. Barriere La Baule - Rouge;Saint-Andre-des-Eaux;44117;18;72;P. Thevenin;1976;Jaune;5715;129;71.8;133;74.2;26;4;32;87
Pays de la Loire;44;Golf Int. Barriere La Baule - Rouge;Saint-Andre-des-Eaux;44117;18;72;P. Thevenin;1976;Jaune;5715;129;71.8;133;74.2;27;4;31;85
Pays de la Loire;44;Golf Int. Barriere La Baule - Rouge;Saint-Andre-des-Eaux;44117;18;72;P. Thevenin;1976;Jaune;5715;129;71.8;133;74.2;28;4;57;81
Pays de la Loire;44;Golf Int. Barriere La Baule - Rouge;Saint-Andre-des-Eaux;44117;18;72;P. Thevenin;1976;Jaune;5715;129;71.8;133;74.2;29;4;27;92
Pays de la Loire;44;Golf Int. Barriere La Baule - Rouge;Saint-Andre-des-Eaux;44117;18;72;P. Thevenin;1976;Jaune;5715;129;71.8;133;74.2;30;4;13;94
Pays de la Loire;44;Golf Int. Barriere La Baule - Rouge;Saint-Andre-des-Eaux;44117;18;72;P. Thevenin;1976;Jaune;5715;129;71.8;133;74.2;31;4;37;90
Pays de la Loire;44;Golf Int. Barriere La Baule - Rouge;Saint-Andre-des-Eaux;44117;18;72;P. Thevenin;1976;Jaune;5715;129;71.8;133;74.2;32;4;30;79
Pays de la Loire;44;Golf Int. Barriere La Baule - Rouge;Saint-Andre-des-Eaux;44117;18;72;P. Thevenin;1976;Jaune;5715;129;71.8;133;74.2;33;4;50;94
Pays de la Loire;44;Golf Int. Barriere La Baule - Rouge;Saint-Andre-des-Eaux;44117;18;72;P. Thevenin;1976;Jaune;5715;129;71.8;133;74.2;34;4;39;83
Pays de la Loire;44;Golf Int. Barriere La Baule - Rouge;Saint-Andre-des-Eaux;44117;18;72;P. Thevenin;1976;Jaune;5715;129;71.8;133;74.2;35;4;2;99
Pays de la Loire;44;Golf Int. Barriere La Baule - Rouge;Saint-Andre-des-Eaux;44117;18;72;P. Thevenin;1976;Jaune;5715;129;71.8;133;74.2;36;3;67;44
Pays de la Loire;44;Golf Int. Barriere La Baule - Rouge;Saint-Andre-des-Eaux;44117;18;72;P. Thevenin;1976;Jaune;5715;129;71.8;133;74.2;37;4;4;97
Pays de la Loire;44;Golf Int. Barriere La Baule - Rouge;Saint-Andre-des-Eaux;44117;18;72;P. Thevenin;1976;Jaune;5715;129;71.8;133;74.2;38;4;63;74
Pays de la Loire;44;Golf Int. Barriere La Baule - Rouge;Saint-Andre-des-Eaux;44117;18;72;P. Thevenin;1976;Jaune;5715;129;71.8;133;74.2;39;4;17;80
Pays de la Loire;44;Golf Int. Barriere La Baule - Rouge;Saint-Andre-des-Eaux;44117;18;72;P. Thevenin;1976;Jaune;5715;129;71.8;133;74.2;40;4;18;99
Pays de la Loire;44;Golf Int. Barriere La Baule - Rouge;Saint-Andre-des-Eaux;44117;18;72;P. Thevenin;1976;Jaune;5715;129;71.8;133;74.2;41;4;24;73
Pays de la Loire;44;Golf Int. Barriere La Baule - Rouge;Saint-Andre-des-Eaux;44117;18;72;P. Thevenin;1976;Jaune;5715;129;71.8;133;74.2;42;4;3;98
Pays de la Loire;44;Golf Int. Barriere La Baule - Rouge;Saint-Andre-des-Eaux;44117;18;72;P. Thevenin;1976;Jaune;5715;129;71.8;133;74.2;43;4;15;83
Pays de la Loire;44;Golf Int. Barriere La Baule - Rouge;Saint-Andre-des-Eaux;44117;18;72;P. Thevenin;1976;Jaune;5715;129;71.8;133;74.2;44;4;43;85
Pays de la Loire;44;Golf Int. Barriere La Baule - Rouge;Saint-Andre-des-Eaux;44117;18;72;P. Thevenin;1976;Jaune;5715;129;71.8;133;74.2;45;4;53;81
Pays de la Loire;44;Golf Int. Barriere La Baule - Rouge;Saint-Andre-des-Eaux;44117;18;72;P. Thevenin;1976;Jaune;5715;129;71.8;133;74.2;46;4;42;74
Pays de la Loire;44;Golf Int. Barriere La Baule - Rouge;Saint-Andre-des-Eaux;44117;18;72;P. Thevenin;1976;Jaune;5715;129;71.8;133;74.2;47;4;54;79
Pays de la Loire;44;Golf Int. Barriere La Baule - Rouge;Saint-Andre-des-Eaux;44117;18;72;P. Thevenin;1976;Jaune;5715;129;71.8;133;74.2;48;4;9;90
Pays de la Loire;44;Golf Int. Barriere La Baule - Rouge;Saint-Andre-des-Eaux;44117;18;72;P. Thevenin;1976;Jaune;5715;129;71.8;133;74.2;49;4;5;95
Pays de la Loire;44;Golf Int. Barriere La Baule - Rouge;Saint-Andre-des-Eaux;44117;18;72;P. Thevenin;1976;Jaune;5715;129;71.8;133;74.2;50;4;62;83
Pays de la Loire;44;Golf Int. Barriere La Baule - Rouge;Saint-Andre-des-Eaux;44117;18;72;P. Thevenin;1976;Jaune;5715;129;71.8;133;74.2;51;4;23;79
Pays de la Loire;44;Golf Int. Barriere La Baule - Rouge;Saint-Andre-des-Eaux;44117;18;72;P. Thevenin;1976;Jaune;5715;129;71.8;133;74.2;52;3;66;42
Pays de la Loire;44;Golf Int. Barriere La Baule - Rouge;Saint-Andre-des-Eaux;44117;18;72;P. Thevenin;1976;Jaune;5715;129;71.8;133;74.2;53;3;65;40
Pays de la Loire;44;Golf Int. Barriere La Baule - Rouge;Saint-Andre-des-Eaux;44117;18;72;P. Thevenin;1976;Jaune;5715;129;71.8;133;74.2;54;4;60;85
Pays de la Loire;44;Golf Int. Barriere La Baule - Rouge;Saint-Andre-des-Eaux;44117;18;72;P. Thevenin;1976;Jaune;5715;129;71.8;133;74.2;55;4;36;93
Pays de la Loire;44;Golf Int. Barriere La Baule - Rouge;Saint-Andre-des-Eaux;44117;18;72;P. Thevenin;1976;Jaune;5715;129;71.8;133;74.2;56;4;29;86
Pays de la Loire;44;Golf Int. Barriere La Baule - Rouge;Saint-Andre-des-Eaux;44117;18;72;P. Thevenin;1976;Jaune;5715;129;71.8;133;74.2;57;4;47;77
Pays de la Loire;44;Golf Int. Barriere La Baule - Rouge;Saint-Andre-des-Eaux;44117;18;72;P. Thevenin;1976;Jaune;5715;129;71.8;133;74.2;58;4;46;81
Pays de la Loire;44;Golf Int. Barriere La Baule - Rouge;Saint-Andre-des-Eaux;44117;18;72;P. Thevenin;1976;Jaune;5715;129;71.8;133;74.2;59;4;64;76
Pays de la Loire;44;Golf Int. Barriere La Baule - Rouge;Saint-Andre-des-Eaux;44117;18;72;P. Thevenin;1976;Jaune;5715;129;71.8;133;74.2;60;4;49;80
Pays de la Loire;44;Golf Int. Barriere La Baule - Rouge;Saint-Andre-des-Eaux;44117;18;72;P. Thevenin;1976;Jaune;5715;129;71.8;133;74.2;61;4;1;96
Pays de la Loire;44;Golf Int. Barriere La Baule - Rouge;Saint-Andre-des-Eaux;44117;18;72;P. Thevenin;1976;Jaune;5715;129;71.8;133;74.2;62;4;45;90
Pays de la Loire;44;Golf Int. Barriere La Baule - Rouge;Saint-Andre-des-Eaux;44117;18;72;P. Thevenin;1976;Jaune;5715;129;71.8;133;74.2;63;4;48;89
Pays de la Loire;44;Golf Int. Barriere La Baule - Rouge;Saint-Andre-des-Eaux;44117;18;72;P. Thevenin;1976;Jaune;5715;129;71.8;133;74.2;64;4;25;81
Pays de la Loire;44;Golf Int. Barriere La Baule - Rouge;Saint-Andre-des-Eaux;44117;18;72;P. Thevenin;1976;Jaune;5715;129;71.8;133;74.2;65;4;35;96
Pays de la Loire;44;Golf Int. Barriere La Baule - Rouge;Saint-Andre-des-Eaux;44117;18;72;P. Thevenin;1976;Jaune;5715;129;71.8;133;74.2;66;4;6;91
Pays de la Loire;44;Golf Int. Barriere La Baule - Rouge;Saint-Andre-des-Eaux;44117;18;72;P. Thevenin;1976;Jaune;5715;129;71.8;133;74.2;67;3;68;39
Pays de la Loire;44;Golf Int. Barriere La Baule - Rouge;Saint-Andre-des-Eaux;44117;18;72;P. Thevenin;1976;Jaune;5715;129;71.8;133;74.2;68;4;34;92
Pays de la Loire;44;Golf Int. Barriere La Baule - Rouge;Saint-Andre-des-Eaux;44117;18;72;P. Thevenin;1976;Bleu;5260;122;69.5;126;71.5;1;4;8;93
Pays de la Loire;44;Golf Int. Barriere La Baule - Rouge;Saint-Andre-des-Eaux;44117;18;72;P. Thevenin;1976;Bleu;5260;122;69.5;126;71.5;2;4;41;70
Pays de la Loire;44;Golf Int. Barriere La Baule - Rouge;Saint-Andre-des-Eaux;44117;18;72;P. Thevenin;1976;Bleu;5260;122;69.5;126;71.5;3;4;40;79
Pays de la Loire;44;Golf Int. Barriere La Baule - Rouge;Saint-Andre-des-Eaux;44117;18;72;P. Thevenin;1976;Bleu;5260;122;69.5;126;71.5;4;4;56;76
Pays de la Loire;44;Golf Int. Barriere La Baule - Rouge;Saint-Andre-des-Eaux;44117;18;72;P. Thevenin;1976;Bleu;5260;122;69.5;126;71.5;5;4;21;81
Pays de la Loire;44;Golf Int. Barriere La Baule - Rouge;Saint-Andre-des-Eaux;44117;18;72;P. Thevenin;1976;Bleu;5260;122;69.5;126;71.5;6;4;12;86
Pays de la Loire;44;Golf Int. Barriere La Baule - Rouge;Saint-Andre-des-Eaux;44117;18;72;P. Thevenin;1976;Bleu;5260;122;69.5;126;71.5;7;4;33;92
Pays de la Loire;44;Golf Int. Barriere La Baule - Rouge;Saint-Andre-des-Eaux;44117;18;72;P. Thevenin;1976;Bleu;5260;122;69.5;126;71.5;8;4;59;78
Pays de la Loire;44;Golf Int. Barriere La Baule - Rouge;Saint-Andre-des-Eaux;44117;18;72;P. Thevenin;1976;Bleu;5260;122;69.5;126;71.5;9;4;61;72
Pays de la Loire;44;Golf Int. Barriere La Baule - Rouge;Saint-Andre-des-Eaux;44117;18;72;P. Thevenin;1976;Bleu;5260;122;69.5;126;71.5;10;4;52;78
Pays de la Loire;44;Golf Int. Barriere La Baule - Rouge;Saint-Andre-des-Eaux;44117;18;72;P. Thevenin;1976;Bleu;5260;122;69.5;126;71.5;11;4;11;78
Pays de la Loire;44;Golf Int. Barriere La Baule - Rouge;Saint-Andre-des-Eaux;44117;18;72;P. Thevenin;1976;Bleu;5260;122;69.5;126;71.5;12;4;55;74
Pays de la Loire;44;Golf Int. Barriere La Baule - Rouge;Saint-Andre-des-Eaux;44117;18;72;P. Thevenin;1976;Bleu;5260;122;69.5;126;71.5;13;4;14;88
Pays de la Loire;44;Golf Int. Barriere La Baule - Rouge;Saint-Andre-des-Eaux;44117;18;72;P. Thevenin;1976;Bleu;5260;122;69.5;126;71.5;14;4;20;76
Pays de la Loire;44;Golf Int. Barriere La Baule - Rouge;Saint-Andre-des-Eaux;44117;18;72;P. Thevenin;1976;Bleu;5260;122;69.5;126;71.5;15;4;38;89
Pays de la Loire;44;Golf Int. Barriere La Baule - Rouge;Saint-Andre-des-Eaux;44117;18;72;P. Thevenin;1976;Bleu;5260;122;69.5;126;71.5;16;4;19;88
Pays de la Loire;44;Golf Int. Barriere La Baule - Rouge;Saint-Andre-des-Eaux;44117;18;72;P. Thevenin;1976;Bleu;5260;122;69.5;126;71.5;17;4;22;87
Pays de la Loire;44;Golf Int. Barriere La Baule - Rouge;Saint-Andre-des-Eaux;44117;18;72;P. Thevenin;1976;Bleu;5260;122;69.5;126;71.5;18;4;26;70
Pays de la Loire;44;Golf Int. Barriere La Baule - Rouge;Saint-Andre-des-Eaux;44117;18;72;P. Thevenin;1976;Bleu;5260;122;69.5;126;71.5;19;4;16;85
Pays de la Loire;44;Golf Int. Barriere La Baule - Rouge;Saint-Andre-des-Eaux;44117;18;72;P. Thevenin;1976;Bleu;5260;122;69.5;126;71.5;20;4;7;86
Pays de la Loire;44;Golf Int. Barriere La Baule - Rouge;Saint-Andre-des-Eaux;44117;18;72;P. Thevenin;1976;Bleu;5260;122;69.5;126;71.5;21;4;51;73
Pays de la Loire;44;Golf Int. Barriere La Baule - Rouge;Saint-Andre-des-Eaux;44117;18;72;P. Thevenin;1976;Bleu;5260;122;69.5;126;71.5;22;4;10;84
Pays de la Loire;44;Golf Int. Barriere La Baule - Rouge;Saint-Andre-des-Eaux;44117;18;72;P. Thevenin;1976;Bleu;5260;122;69.5;126;71.5;23;4;44;90
Pays de la Loire;44;Golf Int. Barriere La Baule - Rouge;Saint-Andre-des-Eaux;44117;18;72;P. Thevenin;1976;Bleu;5260;122;69.5;126;71.5;24;4;58;75
Pays de la Loire;44;Golf Int. Barriere La Baule - Rouge;Saint-Andre-des-Eaux;44117;18;72;P. Thevenin;1976;Bleu;5260;122;69.5;126;71.5;25;4;28;72
Pays de la Loire;44;Golf Int. Barriere La Baule - Rouge;Saint-Andre-des-Eaux;44117;18;72;P. Thevenin;1976;Bleu;5260;122;69.5;126;71.5;26;4;32;82
Pays de la Loire;44;Golf Int. Barriere La Baule - Rouge;Saint-Andre-des-Eaux;44117;18;72;P. Thevenin;1976;Bleu;5260;122;69.5;126;71.5;27;4;31;79
Pays de la Loire;44;Golf Int. Barriere La Baule - Rouge;Saint-Andre-des-Eaux;44117;18;72;P. Thevenin;1976;Bleu;5260;122;69.5;126;71.5;28;4;57;76
Pays de la Loire;44;Golf Int. Barriere La Baule - Rouge;Saint-Andre-des-Eaux;44117;18;72;P. Thevenin;1976;Bleu;5260;122;69.5;126;71.5;29;4;27;86
Pays de la Loire;44;Golf Int. Barriere La Baule - Rouge;Saint-Andre-des-Eaux;44117;18;72;P. Thevenin;1976;Bleu;5260;122;69.5;126;71.5;30;4;13;88
Pays de la Loire;44;Golf Int. Barriere La Baule - Rouge;Saint-Andre-des-Eaux;44117;18;72;P. Thevenin;1976;Bleu;5260;122;69.5;126;71.5;31;4;37;84
Pays de la Loire;44;Golf Int. Barriere La Baule - Rouge;Saint-Andre-des-Eaux;44117;18;72;P. Thevenin;1976;Bleu;5260;122;69.5;126;71.5;32;4;30;74
Pays de la Loire;44;Golf Int. Barriere La Baule - Rouge;Saint-Andre-des-Eaux;44117;18;72;P. Thevenin;1976;Bleu;5260;122;69.5;126;71.5;33;4;50;88
Pays de la Loire;44;Golf Int. Barriere La Baule - Rouge;Saint-Andre-des-Eaux;44117;18;72;P. Thevenin;1976;Bleu;5260;122;69.5;126;71.5;34;4;39;77
Pays de la Loire;44;Golf Int. Barriere La Baule - Rouge;Saint-Andre-des-Eaux;44117;18;72;P. Thevenin;1976;Bleu;5260;122;69.5;126;71.5;35;4;2;92
Pays de la Loire;44;Golf Int. Barriere La Baule - Rouge;Saint-Andre-des-Eaux;44117;18;72;P. Thevenin;1976;Bleu;5260;122;69.5;126;71.5;36;3;67;41
Pays de la Loire;44;Golf Int. Barriere La Baule - Rouge;Saint-Andre-des-Eaux;44117;18;72;P. Thevenin;1976;Bleu;5260;122;69.5;126;71.5;37;4;4;91
Pays de la Loire;44;Golf Int. Barriere La Baule - Rouge;Saint-Andre-des-Eaux;44117;18;72;P. Thevenin;1976;Bleu;5260;122;69.5;126;71.5;38;4;63;70
Pays de la Loire;44;Golf Int. Barriere La Baule - Rouge;Saint-Andre-des-Eaux;44117;18;72;P. Thevenin;1976;Bleu;5260;122;69.5;126;71.5;39;4;17;75
Pays de la Loire;44;Golf Int. Barriere La Baule - Rouge;Saint-Andre-des-Eaux;44117;18;72;P. Thevenin;1976;Bleu;5260;122;69.5;126;71.5;40;4;18;92
Pays de la Loire;44;Golf Int. Barriere La Baule - Rouge;Saint-Andre-des-Eaux;44117;18;72;P. Thevenin;1976;Bleu;5260;122;69.5;126;71.5;41;4;24;69
Pays de la Loire;44;Golf Int. Barriere La Baule - Rouge;Saint-Andre-des-Eaux;44117;18;72;P. Thevenin;1976;Bleu;5260;122;69.5;126;71.5;42;4;3;92
Pays de la Loire;44;Golf Int. Barriere La Baule - Rouge;Saint-Andre-des-Eaux;44117;18;72;P. Thevenin;1976;Bleu;5260;122;69.5;126;71.5;43;4;15;77
Pays de la Loire;44;Golf Int. Barriere La Baule - Rouge;Saint-Andre-des-Eaux;44117;18;72;P. Thevenin;1976;Bleu;5260;122;69.5;126;71.5;44;4;43;79
Pays de la Loire;44;Golf Int. Barriere La Baule - Rouge;Saint-Andre-des-Eaux;44117;18;72;P. Thevenin;1976;Bleu;5260;122;69.5;126;71.5;45;4;53;76
Pays de la Loire;44;Golf Int. Barriere La Baule - Rouge;Saint-Andre-des-Eaux;44117;18;72;P. Thevenin;1976;Bleu;5260;122;69.5;126;71.5;46;4;42;70
Pays de la Loire;44;Golf Int. Barriere La Baule - Rouge;Saint-Andre-des-Eaux;44117;18;72;P. Thevenin;1976;Bleu;5260;122;69.5;126;71.5;47;4;54;74
Pays de la Loire;44;Golf Int. Barriere La Baule - Rouge;Saint-Andre-des-Eaux;44117;18;72;P. Thevenin;1976;Bleu;5260;122;69.5;126;71.5;48;4;9;84
Pays de la Loire;44;Golf Int. Barriere La Baule - Rouge;Saint-Andre-des-Eaux;44117;18;72;P. Thevenin;1976;Bleu;5260;122;69.5;126;71.5;49;4;5;89
Pays de la Loire;44;Golf Int. Barriere La Baule - Rouge;Saint-Andre-des-Eaux;44117;18;72;P. Thevenin;1976;Bleu;5260;122;69.5;126;71.5;50;4;62;77
Pays de la Loire;44;Golf Int. Barriere La Baule - Rouge;Saint-Andre-des-Eaux;44117;18;72;P. Thevenin;1976;Bleu;5260;122;69.5;126;71.5;51;4;23;74
Pays de la Loire;44;Golf Int. Barriere La Baule - Rouge;Saint-Andre-des-Eaux;44117;18;72;P. Thevenin;1976;Bleu;5260;122;69.5;126;71.5;52;3;66;40
Pays de la Loire;44;Golf Int. Barriere La Baule - Rouge;Saint-Andre-des-Eaux;44117;18;72;P. Thevenin;1976;Bleu;5260;122;69.5;126;71.5;53;3;65;38
Pays de la Loire;44;Golf Int. Barriere La Baule - Rouge;Saint-Andre-des-Eaux;44117;18;72;P. Thevenin;1976;Bleu;5260;122;69.5;126;71.5;54;4;60;79
Pays de la Loire;44;Golf Int. Barriere La Baule - Rouge;Saint-Andre-des-Eaux;44117;18;72;P. Thevenin;1976;Bleu;5260;122;69.5;126;71.5;55;4;36;87
Pays de la Loire;44;Golf Int. Barriere La Baule - Rouge;Saint-Andre-des-Eaux;44117;18;72;P. Thevenin;1976;Bleu;5260;122;69.5;126;71.5;56;4;29;81
Pays de la Loire;44;Golf Int. Barriere La Baule - Rouge;Saint-Andre-des-Eaux;44117;18;72;P. Thevenin;1976;Bleu;5260;122;69.5;126;71.5;57;4;47;72
Pays de la Loire;44;Golf Int. Barriere La Baule - Rouge;Saint-Andre-des-Eaux;44117;18;72;P. Thevenin;1976;Bleu;5260;122;69.5;126;71.5;58;4;46;76
Pays de la Loire;44;Golf Int. Barriere La Baule - Rouge;Saint-Andre-des-Eaux;44117;18;72;P. Thevenin;1976;Bleu;5260;122;69.5;126;71.5;59;4;64;71
Pays de la Loire;44;Golf Int. Barriere La Baule - Rouge;Saint-Andre-des-Eaux;44117;18;72;P. Thevenin;1976;Bleu;5260;122;69.5;126;71.5;60;4;49;75
Pays de la Loire;44;Golf Int. Barriere La Baule - Rouge;Saint-Andre-des-Eaux;44117;18;72;P. Thevenin;1976;Bleu;5260;122;69.5;126;71.5;61;4;1;90
Pays de la Loire;44;Golf Int. Barriere La Baule - Rouge;Saint-Andre-des-Eaux;44117;18;72;P. Thevenin;1976;Bleu;5260;122;69.5;126;71.5;62;4;45;84
Pays de la Loire;44;Golf Int. Barriere La Baule - Rouge;Saint-Andre-des-Eaux;44117;18;72;P. Thevenin;1976;Bleu;5260;122;69.5;126;71.5;63;4;48;84
Pays de la Loire;44;Golf Int. Barriere La Baule - Rouge;Saint-Andre-des-Eaux;44117;18;72;P. Thevenin;1976;Bleu;5260;122;69.5;126;71.5;64;4;25;76
Pays de la Loire;44;Golf Int. Barriere La Baule - Rouge;Saint-Andre-des-Eaux;44117;18;72;P. Thevenin;1976;Bleu;5260;122;69.5;126;71.5;65;4;35;90
Pays de la Loire;44;Golf Int. Barriere La Baule - Rouge;Saint-Andre-des-Eaux;44117;18;72;P. Thevenin;1976;Bleu;5260;122;69.5;126;71.5;66;4;6;85
Pays de la Loire;44;Golf Int. Barriere La Baule - Rouge;Saint-Andre-des-Eaux;44117;18;72;P. Thevenin;1976;Bleu;5260;122;69.5;126;71.5;67;3;68;37
Pays de la Loire;44;Golf Int. Barriere La Baule - Rouge;Saint-Andre-des-Eaux;44117;18;72;P. Thevenin;1976;Bleu;5260;122;69.5;126;71.5;68;4;34;86
Pays de la Loire;44;Golf Int. Barriere La Baule - Rouge;Saint-Andre-des-Eaux;44117;18;72;P. Thevenin;1976;Rouge;4870;117;67.5;121;69.5;1;4;8;87
Pays de la Loire;44;Golf Int. Barriere La Baule - Rouge;Saint-Andre-des-Eaux;44117;18;72;P. Thevenin;1976;Rouge;4870;117;67.5;121;69.5;2;4;41;66
Pays de la Loire;44;Golf Int. Barriere La Baule - Rouge;Saint-Andre-des-Eaux;44117;18;72;P. Thevenin;1976;Rouge;4870;117;67.5;121;69.5;3;4;40;74
Pays de la Loire;44;Golf Int. Barriere La Baule - Rouge;Saint-Andre-des-Eaux;44117;18;72;P. Thevenin;1976;Rouge;4870;117;67.5;121;69.5;4;4;56;71
Pays de la Loire;44;Golf Int. Barriere La Baule - Rouge;Saint-Andre-des-Eaux;44117;18;72;P. Thevenin;1976;Rouge;4870;117;67.5;121;69.5;5;4;21;75
Pays de la Loire;44;Golf Int. Barriere La Baule - Rouge;Saint-Andre-des-Eaux;44117;18;72;P. Thevenin;1976;Rouge;4870;117;67.5;121;69.5;6;4;12;80
Pays de la Loire;44;Golf Int. Barriere La Baule - Rouge;Saint-Andre-des-Eaux;44117;18;72;P. Thevenin;1976;Rouge;4870;117;67.5;121;69.5;7;4;33;86
Pays de la Loire;44;Golf Int. Barriere La Baule - Rouge;Saint-Andre-des-Eaux;44117;18;72;P. Thevenin;1976;Rouge;4870;117;67.5;121;69.5;8;4;59;73
Pays de la Loire;44;Golf Int. Barriere La Baule - Rouge;Saint-Andre-des-Eaux;44117;18;72;P. Thevenin;1976;Rouge;4870;117;67.5;121;69.5;9;4;61;67
Pays de la Loire;44;Golf Int. Barriere La Baule - Rouge;Saint-Andre-des-Eaux;44117;18;72;P. Thevenin;1976;Rouge;4870;117;67.5;121;69.5;10;4;52;73
Pays de la Loire;44;Golf Int. Barriere La Baule - Rouge;Saint-Andre-des-Eaux;44117;18;72;P. Thevenin;1976;Rouge;4870;117;67.5;121;69.5;11;4;11;73
Pays de la Loire;44;Golf Int. Barriere La Baule - Rouge;Saint-Andre-des-Eaux;44117;18;72;P. Thevenin;1976;Rouge;4870;117;67.5;121;69.5;12;4;55;69
Pays de la Loire;44;Golf Int. Barriere La Baule - Rouge;Saint-Andre-des-Eaux;44117;18;72;P. Thevenin;1976;Rouge;4870;117;67.5;121;69.5;13;4;14;82
Pays de la Loire;44;Golf Int. Barriere La Baule - Rouge;Saint-Andre-des-Eaux;44117;18;72;P. Thevenin;1976;Rouge;4870;117;67.5;121;69.5;14;4;20;71
Pays de la Loire;44;Golf Int. Barriere La Baule - Rouge;Saint-Andre-des-Eaux;44117;18;72;P. Thevenin;1976;Rouge;4870;117;67.5;121;69.5;15;4;38;83
Pays de la Loire;44;Golf Int. Barriere La Baule - Rouge;Saint-Andre-des-Eaux;44117;18;72;P. Thevenin;1976;Rouge;4870;117;67.5;121;69.5;16;4;19;82
Pays de la Loire;44;Golf Int. Barriere La Baule - Rouge;Saint-Andre-des-Eaux;44117;18;72;P. Thevenin;1976;Rouge;4870;117;67.5;121;69.5;17;4;22;81
Pays de la Loire;44;Golf Int. Barriere La Baule - Rouge;Saint-Andre-des-Eaux;44117;18;72;P. Thevenin;1976;Rouge;4870;117;67.5;121;69.5;18;4;26;65
Pays de la Loire;44;Golf Int. Barriere La Baule - Rouge;Saint-Andre-des-Eaux;44117;18;72;P. Thevenin;1976;Rouge;4870;117;67.5;121;69.5;19;4;16;80
Pays de la Loire;44;Golf Int. Barriere La Baule - Rouge;Saint-Andre-des-Eaux;44117;18;72;P. Thevenin;1976;Rouge;4870;117;67.5;121;69.5;20;4;7;80
Pays de la Loire;44;Golf Int. Barriere La Baule - Rouge;Saint-Andre-des-Eaux;44117;18;72;P. Thevenin;1976;Rouge;4870;117;67.5;121;69.5;21;4;51;68
Pays de la Loire;44;Golf Int. Barriere La Baule - Rouge;Saint-Andre-des-Eaux;44117;18;72;P. Thevenin;1976;Rouge;4870;117;67.5;121;69.5;22;4;10;78
Pays de la Loire;44;Golf Int. Barriere La Baule - Rouge;Saint-Andre-des-Eaux;44117;18;72;P. Thevenin;1976;Rouge;4870;117;67.5;121;69.5;23;4;44;84
Pays de la Loire;44;Golf Int. Barriere La Baule - Rouge;Saint-Andre-des-Eaux;44117;18;72;P. Thevenin;1976;Rouge;4870;117;67.5;121;69.5;24;4;58;70
Pays de la Loire;44;Golf Int. Barriere La Baule - Rouge;Saint-Andre-des-Eaux;44117;18;72;P. Thevenin;1976;Rouge;4870;117;67.5;121;69.5;25;4;28;67
Pays de la Loire;44;Golf Int. Barriere La Baule - Rouge;Saint-Andre-des-Eaux;44117;18;72;P. Thevenin;1976;Rouge;4870;117;67.5;121;69.5;26;4;32;76
Pays de la Loire;44;Golf Int. Barriere La Baule - Rouge;Saint-Andre-des-Eaux;44117;18;72;P. Thevenin;1976;Rouge;4870;117;67.5;121;69.5;27;4;31;74
Pays de la Loire;44;Golf Int. Barriere La Baule - Rouge;Saint-Andre-des-Eaux;44117;18;72;P. Thevenin;1976;Rouge;4870;117;67.5;121;69.5;28;4;57;71
Pays de la Loire;44;Golf Int. Barriere La Baule - Rouge;Saint-Andre-des-Eaux;44117;18;72;P. Thevenin;1976;Rouge;4870;117;67.5;121;69.5;29;4;27;80
Pays de la Loire;44;Golf Int. Barriere La Baule - Rouge;Saint-Andre-des-Eaux;44117;18;72;P. Thevenin;1976;Rouge;4870;117;67.5;121;69.5;30;4;13;82
Pays de la Loire;44;Golf Int. Barriere La Baule - Rouge;Saint-Andre-des-Eaux;44117;18;72;P. Thevenin;1976;Rouge;4870;117;67.5;121;69.5;31;4;37;79
Pays de la Loire;44;Golf Int. Barriere La Baule - Rouge;Saint-Andre-des-Eaux;44117;18;72;P. Thevenin;1976;Rouge;4870;117;67.5;121;69.5;32;4;30;69
Pays de la Loire;44;Golf Int. Barriere La Baule - Rouge;Saint-Andre-des-Eaux;44117;18;72;P. Thevenin;1976;Rouge;4870;117;67.5;121;69.5;33;4;50;82
Pays de la Loire;44;Golf Int. Barriere La Baule - Rouge;Saint-Andre-des-Eaux;44117;18;72;P. Thevenin;1976;Rouge;4870;117;67.5;121;69.5;34;4;39;72
Pays de la Loire;44;Golf Int. Barriere La Baule - Rouge;Saint-Andre-des-Eaux;44117;18;72;P. Thevenin;1976;Rouge;4870;117;67.5;121;69.5;35;4;2;86
Pays de la Loire;44;Golf Int. Barriere La Baule - Rouge;Saint-Andre-des-Eaux;44117;18;72;P. Thevenin;1976;Rouge;4870;117;67.5;121;69.5;36;3;67;39
Pays de la Loire;44;Golf Int. Barriere La Baule - Rouge;Saint-Andre-des-Eaux;44117;18;72;P. Thevenin;1976;Rouge;4870;117;67.5;121;69.5;37;4;4;84
Pays de la Loire;44;Golf Int. Barriere La Baule - Rouge;Saint-Andre-des-Eaux;44117;18;72;P. Thevenin;1976;Rouge;4870;117;67.5;121;69.5;38;4;63;65
Pays de la Loire;44;Golf Int. Barriere La Baule - Rouge;Saint-Andre-des-Eaux;44117;18;72;P. Thevenin;1976;Rouge;4870;117;67.5;121;69.5;39;4;17;70
Pays de la Loire;44;Golf Int. Barriere La Baule - Rouge;Saint-Andre-des-Eaux;44117;18;72;P. Thevenin;1976;Rouge;4870;117;67.5;121;69.5;40;4;18;86
Pays de la Loire;44;Golf Int. Barriere La Baule - Rouge;Saint-Andre-des-Eaux;44117;18;72;P. Thevenin;1976;Rouge;4870;117;67.5;121;69.5;41;4;24;64
Pays de la Loire;44;Golf Int. Barriere La Baule - Rouge;Saint-Andre-des-Eaux;44117;18;72;P. Thevenin;1976;Rouge;4870;117;67.5;121;69.5;42;4;3;85
Pays de la Loire;44;Golf Int. Barriere La Baule - Rouge;Saint-Andre-des-Eaux;44117;18;72;P. Thevenin;1976;Rouge;4870;117;67.5;121;69.5;43;4;15;72
Pays de la Loire;44;Golf Int. Barriere La Baule - Rouge;Saint-Andre-des-Eaux;44117;18;72;P. Thevenin;1976;Rouge;4870;117;67.5;121;69.5;44;4;43;74
Pays de la Loire;44;Golf Int. Barriere La Baule - Rouge;Saint-Andre-des-Eaux;44117;18;72;P. Thevenin;1976;Rouge;4870;117;67.5;121;69.5;45;4;53;71
Pays de la Loire;44;Golf Int. Barriere La Baule - Rouge;Saint-Andre-des-Eaux;44117;18;72;P. Thevenin;1976;Rouge;4870;117;67.5;121;69.5;46;4;42;65
Pays de la Loire;44;Golf Int. Barriere La Baule - Rouge;Saint-Andre-des-Eaux;44117;18;72;P. Thevenin;1976;Rouge;4870;117;67.5;121;69.5;47;4;54;69
Pays de la Loire;44;Golf Int. Barriere La Baule - Rouge;Saint-Andre-des-Eaux;44117;18;72;P. Thevenin;1976;Rouge;4870;117;67.5;121;69.5;48;4;9;79
Pays de la Loire;44;Golf Int. Barriere La Baule - Rouge;Saint-Andre-des-Eaux;44117;18;72;P. Thevenin;1976;Rouge;4870;117;67.5;121;69.5;49;4;5;83
Pays de la Loire;44;Golf Int. Barriere La Baule - Rouge;Saint-Andre-des-Eaux;44117;18;72;P. Thevenin;1976;Rouge;4870;117;67.5;121;69.5;50;4;62;72
Pays de la Loire;44;Golf Int. Barriere La Baule - Rouge;Saint-Andre-des-Eaux;44117;18;72;P. Thevenin;1976;Rouge;4870;117;67.5;121;69.5;51;4;23;69
Pays de la Loire;44;Golf Int. Barriere La Baule - Rouge;Saint-Andre-des-Eaux;44117;18;72;P. Thevenin;1976;Rouge;4870;117;67.5;121;69.5;52;3;66;37
Pays de la Loire;44;Golf Int. Barriere La Baule - Rouge;Saint-Andre-des-Eaux;44117;18;72;P. Thevenin;1976;Rouge;4870;117;67.5;121;69.5;53;3;65;35
Pays de la Loire;44;Golf Int. Barriere La Baule - Rouge;Saint-Andre-des-Eaux;44117;18;72;P. Thevenin;1976;Rouge;4870;117;67.5;121;69.5;54;4;60;74
Pays de la Loire;44;Golf Int. Barriere La Baule - Rouge;Saint-Andre-des-Eaux;44117;18;72;P. Thevenin;1976;Rouge;4870;117;67.5;121;69.5;55;4;36;81
Pays de la Loire;44;Golf Int. Barriere La Baule - Rouge;Saint-Andre-des-Eaux;44117;18;72;P. Thevenin;1976;Rouge;4870;117;67.5;121;69.5;56;4;29;75
Pays de la Loire;44;Golf Int. Barriere La Baule - Rouge;Saint-Andre-des-Eaux;44117;18;72;P. Thevenin;1976;Rouge;4870;117;67.5;121;69.5;57;4;47;67
Pays de la Loire;44;Golf Int. Barriere La Baule - Rouge;Saint-Andre-des-Eaux;44117;18;72;P. Thevenin;1976;Rouge;4870;117;67.5;121;69.5;58;4;46;71
Pays de la Loire;44;Golf Int. Barriere La Baule - Rouge;Saint-Andre-des-Eaux;44117;18;72;P. Thevenin;1976;Rouge;4870;117;67.5;121;69.5;59;4;64;66
Pays de la Loire;44;Golf Int. Barriere La Baule - Rouge;Saint-Andre-des-Eaux;44117;18;72;P. Thevenin;1976;Rouge;4870;117;67.5;121;69.5;60;4;49;70
Pays de la Loire;44;Golf Int. Barriere La Baule - Rouge;Saint-Andre-des-Eaux;44117;18;72;P. Thevenin;1976;Rouge;4870;117;67.5;121;69.5;61;4;1;84
Pays de la Loire;44;Golf Int. Barriere La Baule - Rouge;Saint-Andre-des-Eaux;44117;18;72;P. Thevenin;1976;Rouge;4870;117;67.5;121;69.5;62;4;45;79
Pays de la Loire;44;Golf Int. Barriere La Baule - Rouge;Saint-Andre-des-Eaux;44117;18;72;P. Thevenin;1976;Rouge;4870;117;67.5;121;69.5;63;4;48;78
Pays de la Loire;44;Golf Int. Barriere La Baule - Rouge;Saint-Andre-des-Eaux;44117;18;72;P. Thevenin;1976;Rouge;4870;117;67.5;121;69.5;64;4;25;71
Pays de la Loire;44;Golf Int. Barriere La Baule - Rouge;Saint-Andre-des-Eaux;44117;18;72;P. Thevenin;1976;Rouge;4870;117;67.5;121;69.5;65;4;35;84
Pays de la Loire;44;Golf Int. Barriere La Baule - Rouge;Saint-Andre-des-Eaux;44117;18;72;P. Thevenin;1976;Rouge;4870;117;67.5;121;69.5;66;4;6;80
Pays de la Loire;44;Golf Int. Barriere La Baule - Rouge;Saint-Andre-des-Eaux;44117;18;72;P. Thevenin;1976;Rouge;4870;117;67.5;121;69.5;67;3;68;34
Pays de la Loire;44;Golf Int. Barriere La Baule - Rouge;Saint-Andre-des-Eaux;44117;18;72;P. Thevenin;1976;Rouge;4870;117;67.5;121;69.5;68;4;34;80
Pays de la Loire;44;Golf Int. Barriere La Baule - Bleu;Saint-Andre-des-Eaux;44117;18;72;P. Thevenin;1976;Blanc;6301;140;74.2;142;77.5;1;4;44;106
Pays de la Loire;44;Golf Int. Barriere La Baule - Bleu;Saint-Andre-des-Eaux;44117;18;72;P. Thevenin;1976;Blanc;6301;140;74.2;142;77.5;2;4;57;92
Pays de la Loire;44;Golf Int. Barriere La Baule - Bleu;Saint-Andre-des-Eaux;44117;18;72;P. Thevenin;1976;Blanc;6301;140;74.2;142;77.5;3;4;4;109
Pays de la Loire;44;Golf Int. Barriere La Baule - Bleu;Saint-Andre-des-Eaux;44117;18;72;P. Thevenin;1976;Blanc;6301;140;74.2;142;77.5;4;4;7;111
Pays de la Loire;44;Golf Int. Barriere La Baule - Bleu;Saint-Andre-des-Eaux;44117;18;72;P. Thevenin;1976;Blanc;6301;140;74.2;142;77.5;5;4;28;84
Pays de la Loire;44;Golf Int. Barriere La Baule - Bleu;Saint-Andre-des-Eaux;44117;18;72;P. Thevenin;1976;Blanc;6301;140;74.2;142;77.5;6;4;25;89
Pays de la Loire;44;Golf Int. Barriere La Baule - Bleu;Saint-Andre-des-Eaux;44117;18;72;P. Thevenin;1976;Blanc;6301;140;74.2;142;77.5;7;4;54;87
Pays de la Loire;44;Golf Int. Barriere La Baule - Bleu;Saint-Andre-des-Eaux;44117;18;72;P. Thevenin;1976;Blanc;6301;140;74.2;142;77.5;8;4;60;87
Pays de la Loire;44;Golf Int. Barriere La Baule - Bleu;Saint-Andre-des-Eaux;44117;18;72;P. Thevenin;1976;Blanc;6301;140;74.2;142;77.5;9;4;11;99
Pays de la Loire;44;Golf Int. Barriere La Baule - Bleu;Saint-Andre-des-Eaux;44117;18;72;P. Thevenin;1976;Blanc;6301;140;74.2;142;77.5;10;4;52;96
Pays de la Loire;44;Golf Int. Barriere La Baule - Bleu;Saint-Andre-des-Eaux;44117;18;72;P. Thevenin;1976;Blanc;6301;140;74.2;142;77.5;11;4;55;85
Pays de la Loire;44;Golf Int. Barriere La Baule - Bleu;Saint-Andre-des-Eaux;44117;18;72;P. Thevenin;1976;Blanc;6301;140;74.2;142;77.5;12;4;53;95
Pays de la Loire;44;Golf Int. Barriere La Baule - Bleu;Saint-Andre-des-Eaux;44117;18;72;P. Thevenin;1976;Blanc;6301;140;74.2;142;77.5;13;4;17;87
Pays de la Loire;44;Golf Int. Barriere La Baule - Bleu;Saint-Andre-des-Eaux;44117;18;72;P. Thevenin;1976;Blanc;6301;140;74.2;142;77.5;14;4;58;90
Pays de la Loire;44;Golf Int. Barriere La Baule - Bleu;Saint-Andre-des-Eaux;44117;18;72;P. Thevenin;1976;Blanc;6301;140;74.2;142;77.5;15;4;39;97
Pays de la Loire;44;Golf Int. Barriere La Baule - Bleu;Saint-Andre-des-Eaux;44117;18;72;P. Thevenin;1976;Blanc;6301;140;74.2;142;77.5;16;4;35;89
Pays de la Loire;44;Golf Int. Barriere La Baule - Bleu;Saint-Andre-des-Eaux;44117;18;72;P. Thevenin;1976;Blanc;6301;140;74.2;142;77.5;17;4;59;83
Pays de la Loire;44;Golf Int. Barriere La Baule - Bleu;Saint-Andre-des-Eaux;44117;18;72;P. Thevenin;1976;Blanc;6301;140;74.2;142;77.5;18;4;10;96
Pays de la Loire;44;Golf Int. Barriere La Baule - Bleu;Saint-Andre-des-Eaux;44117;18;72;P. Thevenin;1976;Blanc;6301;140;74.2;142;77.5;19;4;18;109
Pays de la Loire;44;Golf Int. Barriere La Baule - Bleu;Saint-Andre-des-Eaux;44117;18;72;P. Thevenin;1976;Blanc;6301;140;74.2;142;77.5;20;4;2;111
Pays de la Loire;44;Golf Int. Barriere La Baule - Bleu;Saint-Andre-des-Eaux;44117;18;72;P. Thevenin;1976;Blanc;6301;140;74.2;142;77.5;21;4;1;110
Pays de la Loire;44;Golf Int. Barriere La Baule - Bleu;Saint-Andre-des-Eaux;44117;18;72;P. Thevenin;1976;Blanc;6301;140;74.2;142;77.5;22;4;49;100
Pays de la Loire;44;Golf Int. Barriere La Baule - Bleu;Saint-Andre-des-Eaux;44117;18;72;P. Thevenin;1976;Blanc;6301;140;74.2;142;77.5;23;4;23;84
Pays de la Loire;44;Golf Int. Barriere La Baule - Bleu;Saint-Andre-des-Eaux;44117;18;72;P. Thevenin;1976;Blanc;6301;140;74.2;142;77.5;24;4;62;82
Pays de la Loire;44;Golf Int. Barriere La Baule - Bleu;Saint-Andre-des-Eaux;44117;18;72;P. Thevenin;1976;Blanc;6301;140;74.2;142;77.5;25;4;13;103
Pays de la Loire;44;Golf Int. Barriere La Baule - Bleu;Saint-Andre-des-Eaux;44117;18;72;P. Thevenin;1976;Blanc;6301;140;74.2;142;77.5;26;4;9;99
Pays de la Loire;44;Golf Int. Barriere La Baule - Bleu;Saint-Andre-des-Eaux;44117;18;72;P. Thevenin;1976;Blanc;6301;140;74.2;142;77.5;27;4;3;110
Pays de la Loire;44;Golf Int. Barriere La Baule - Bleu;Saint-Andre-des-Eaux;44117;18;72;P. Thevenin;1976;Blanc;6301;140;74.2;142;77.5;28;4;34;81
Pays de la Loire;44;Golf Int. Barriere La Baule - Bleu;Saint-Andre-des-Eaux;44117;18;72;P. Thevenin;1976;Blanc;6301;140;74.2;142;77.5;29;4;48;83
Pays de la Loire;44;Golf Int. Barriere La Baule - Bleu;Saint-Andre-des-Eaux;44117;18;72;P. Thevenin;1976;Blanc;6301;140;74.2;142;77.5;30;4;22;107
Pays de la Loire;44;Golf Int. Barriere La Baule - Bleu;Saint-Andre-des-Eaux;44117;18;72;P. Thevenin;1976;Blanc;6301;140;74.2;142;77.5;31;4;21;110
Pays de la Loire;44;Golf Int. Barriere La Baule - Bleu;Saint-Andre-des-Eaux;44117;18;72;P. Thevenin;1976;Blanc;6301;140;74.2;142;77.5;32;3;67;40
Pays de la Loire;44;Golf Int. Barriere La Baule - Bleu;Saint-Andre-des-Eaux;44117;18;72;P. Thevenin;1976;Blanc;6301;140;74.2;142;77.5;33;4;51;86
Pays de la Loire;44;Golf Int. Barriere La Baule - Bleu;Saint-Andre-des-Eaux;44117;18;72;P. Thevenin;1976;Blanc;6301;140;74.2;142;77.5;34;4;41;95
Pays de la Loire;44;Golf Int. Barriere La Baule - Bleu;Saint-Andre-des-Eaux;44117;18;72;P. Thevenin;1976;Blanc;6301;140;74.2;142;77.5;35;3;66;45
Pays de la Loire;44;Golf Int. Barriere La Baule - Bleu;Saint-Andre-des-Eaux;44117;18;72;P. Thevenin;1976;Blanc;6301;140;74.2;142;77.5;36;4;47;97
Pays de la Loire;44;Golf Int. Barriere La Baule - Bleu;Saint-Andre-des-Eaux;44117;18;72;P. Thevenin;1976;Blanc;6301;140;74.2;142;77.5;37;3;68;40
Pays de la Loire;44;Golf Int. Barriere La Baule - Bleu;Saint-Andre-des-Eaux;44117;18;72;P. Thevenin;1976;Blanc;6301;140;74.2;142;77.5;38;4;8;111
Pays de la Loire;44;Golf Int. Barriere La Baule - Bleu;Saint-Andre-des-Eaux;44117;18;72;P. Thevenin;1976;Blanc;6301;140;74.2;142;77.5;39;4;33;94
Pays de la Loire;44;Golf Int. Barriere La Baule - Bleu;Saint-Andre-des-Eaux;44117;18;72;P. Thevenin;1976;Blanc;6301;140;74.2;142;77.5;40;4;64;82
Pays de la Loire;44;Golf Int. Barriere La Baule - Bleu;Saint-Andre-des-Eaux;44117;18;72;P. Thevenin;1976;Blanc;6301;140;74.2;142;77.5;41;4;63;86
Pays de la Loire;44;Golf Int. Barriere La Baule - Bleu;Saint-Andre-des-Eaux;44117;18;72;P. Thevenin;1976;Blanc;6301;140;74.2;142;77.5;42;4;20;94
Pays de la Loire;44;Golf Int. Barriere La Baule - Bleu;Saint-Andre-des-Eaux;44117;18;72;P. Thevenin;1976;Blanc;6301;140;74.2;142;77.5;43;3;65;36
Pays de la Loire;44;Golf Int. Barriere La Baule - Bleu;Saint-Andre-des-Eaux;44117;18;72;P. Thevenin;1976;Blanc;6301;140;74.2;142;77.5;44;4;12;94
Pays de la Loire;44;Golf Int. Barriere La Baule - Bleu;Saint-Andre-des-Eaux;44117;18;72;P. Thevenin;1976;Blanc;6301;140;74.2;142;77.5;45;4;56;89
Pays de la Loire;44;Golf Int. Barriere La Baule - Bleu;Saint-Andre-des-Eaux;44117;18;72;P. Thevenin;1976;Blanc;6301;140;74.2;142;77.5;46;4;38;108
Pays de la Loire;44;Golf Int. Barriere La Baule - Bleu;Saint-Andre-des-Eaux;44117;18;72;P. Thevenin;1976;Blanc;6301;140;74.2;142;77.5;47;4;5;108
Pays de la Loire;44;Golf Int. Barriere La Baule - Bleu;Saint-Andre-des-Eaux;44117;18;72;P. Thevenin;1976;Blanc;6301;140;74.2;142;77.5;48;4;43;96
Pays de la Loire;44;Golf Int. Barriere La Baule - Bleu;Saint-Andre-des-Eaux;44117;18;72;P. Thevenin;1976;Blanc;6301;140;74.2;142;77.5;49;4;24;90
Pays de la Loire;44;Golf Int. Barriere La Baule - Bleu;Saint-Andre-des-Eaux;44117;18;72;P. Thevenin;1976;Blanc;6301;140;74.2;142;77.5;50;4;40;95
Pays de la Loire;44;Golf Int. Barriere La Baule - Bleu;Saint-Andre-des-Eaux;44117;18;72;P. Thevenin;1976;Blanc;6301;140;74.2;142;77.5;51;4;36;105
Pays de la Loire;44;Golf Int. Barriere La Baule - Bleu;Saint-Andre-des-Eaux;44117;18;72;P. Thevenin;1976;Blanc;6301;140;74.2;142;77.5;52;4;14;106
Pays de la Loire;44;Golf Int. Barriere La Baule - Bleu;Saint-Andre-des-Eaux;44117;18;72;P. Thevenin;1976;Blanc;6301;140;74.2;142;77.5;53;4;37;108
Pays de la Loire;44;Golf Int. Barriere La Baule - Bleu;Saint-Andre-des-Eaux;44117;18;72;P. Thevenin;1976;Blanc;6301;140;74.2;142;77.5;54;4;31;100
Pays de la Loire;44;Golf Int. Barriere La Baule - Bleu;Saint-Andre-des-Eaux;44117;18;72;P. Thevenin;1976;Blanc;6301;140;74.2;142;77.5;55;4;16;104
Pays de la Loire;44;Golf Int. Barriere La Baule - Bleu;Saint-Andre-des-Eaux;44117;18;72;P. Thevenin;1976;Blanc;6301;140;74.2;142;77.5;56;4;19;105
Pays de la Loire;44;Golf Int. Barriere La Baule - Bleu;Saint-Andre-des-Eaux;44117;18;72;P. Thevenin;1976;Blanc;6301;140;74.2;142;77.5;57;4;45;97
Pays de la Loire;44;Golf Int. Barriere La Baule - Bleu;Saint-Andre-des-Eaux;44117;18;72;P. Thevenin;1976;Blanc;6301;140;74.2;142;77.5;58;4;32;86
Pays de la Loire;44;Golf Int. Barriere La Baule - Bleu;Saint-Andre-des-Eaux;44117;18;72;P. Thevenin;1976;Blanc;6301;140;74.2;142;77.5;59;4;26;87
Pays de la Loire;44;Golf Int. Barriere La Baule - Bleu;Saint-Andre-des-Eaux;44117;18;72;P. Thevenin;1976;Blanc;6301;140;74.2;142;77.5;60;4;42;91
Pays de la Loire;44;Golf Int. Barriere La Baule - Bleu;Saint-Andre-des-Eaux;44117;18;72;P. Thevenin;1976;Blanc;6301;140;74.2;142;77.5;61;4;15;88
Pays de la Loire;44;Golf Int. Barriere La Baule - Bleu;Saint-Andre-des-Eaux;44117;18;72;P. Thevenin;1976;Blanc;6301;140;74.2;142;77.5;62;4;30;82
Pays de la Loire;44;Golf Int. Barriere La Baule - Bleu;Saint-Andre-des-Eaux;44117;18;72;P. Thevenin;1976;Blanc;6301;140;74.2;142;77.5;63;4;50;101
Pays de la Loire;44;Golf Int. Barriere La Baule - Bleu;Saint-Andre-des-Eaux;44117;18;72;P. Thevenin;1976;Blanc;6301;140;74.2;142;77.5;64;4;6;106
Pays de la Loire;44;Golf Int. Barriere La Baule - Bleu;Saint-Andre-des-Eaux;44117;18;72;P. Thevenin;1976;Blanc;6301;140;74.2;142;77.5;65;4;27;99
Pays de la Loire;44;Golf Int. Barriere La Baule - Bleu;Saint-Andre-des-Eaux;44117;18;72;P. Thevenin;1976;Blanc;6301;140;74.2;142;77.5;66;4;61;82
Pays de la Loire;44;Golf Int. Barriere La Baule - Bleu;Saint-Andre-des-Eaux;44117;18;72;P. Thevenin;1976;Blanc;6301;140;74.2;142;77.5;67;4;29;107
Pays de la Loire;44;Golf Int. Barriere La Baule - Bleu;Saint-Andre-des-Eaux;44117;18;72;P. Thevenin;1976;Blanc;6301;140;74.2;142;77.5;68;4;46;90
Pays de la Loire;44;Golf Int. Barriere La Baule - Bleu;Saint-Andre-des-Eaux;44117;18;72;P. Thevenin;1976;Jaune;5961;135;72.5;137;75.8;1;4;44;100
Pays de la Loire;44;Golf Int. Barriere La Baule - Bleu;Saint-Andre-des-Eaux;44117;18;72;P. Thevenin;1976;Jaune;5961;135;72.5;137;75.8;2;4;57;86
Pays de la Loire;44;Golf Int. Barriere La Baule - Bleu;Saint-Andre-des-Eaux;44117;18;72;P. Thevenin;1976;Jaune;5961;135;72.5;137;75.8;3;4;4;102
Pays de la Loire;44;Golf Int. Barriere La Baule - Bleu;Saint-Andre-des-Eaux;44117;18;72;P. Thevenin;1976;Jaune;5961;135;72.5;137;75.8;4;4;7;104
Pays de la Loire;44;Golf Int. Barriere La Baule - Bleu;Saint-Andre-des-Eaux;44117;18;72;P. Thevenin;1976;Jaune;5961;135;72.5;137;75.8;5;4;28;79
Pays de la Loire;44;Golf Int. Barriere La Baule - Bleu;Saint-Andre-des-Eaux;44117;18;72;P. Thevenin;1976;Jaune;5961;135;72.5;137;75.8;6;4;25;84
Pays de la Loire;44;Golf Int. Barriere La Baule - Bleu;Saint-Andre-des-Eaux;44117;18;72;P. Thevenin;1976;Jaune;5961;135;72.5;137;75.8;7;4;54;82
Pays de la Loire;44;Golf Int. Barriere La Baule - Bleu;Saint-Andre-des-Eaux;44117;18;72;P. Thevenin;1976;Jaune;5961;135;72.5;137;75.8;8;4;60;82
Pays de la Loire;44;Golf Int. Barriere La Baule - Bleu;Saint-Andre-des-Eaux;44117;18;72;P. Thevenin;1976;Jaune;5961;135;72.5;137;75.8;9;4;11;93
Pays de la Loire;44;Golf Int. Barriere La Baule - Bleu;Saint-Andre-des-Eaux;44117;18;72;P. Thevenin;1976;Jaune;5961;135;72.5;137;75.8;10;4;52;90
Pays de la Loire;44;Golf Int. Barriere La Baule - Bleu;Saint-Andre-des-Eaux;44117;18;72;P. Thevenin;1976;Jaune;5961;135;72.5;137;75.8;11;4;55;80
Pays de la Loire;44;Golf Int. Barriere La Baule - Bleu;Saint-Andre-des-Eaux;44117;18;72;P. Thevenin;1976;Jaune;5961;135;72.5;137;75.8;12;4;53;89
Pays de la Loire;44;Golf Int. Barriere La Baule - Bleu;Saint-Andre-des-Eaux;44117;18;72;P. Thevenin;1976;Jaune;5961;135;72.5;137;75.8;13;4;17;82
Pays de la Loire;44;Golf Int. Barriere La Baule - Bleu;Saint-Andre-des-Eaux;44117;18;72;P. Thevenin;1976;Jaune;5961;135;72.5;137;75.8;14;4;58;85
Pays de la Loire;44;Golf Int. Barriere La Baule - Bleu;Saint-Andre-des-Eaux;44117;18;72;P. Thevenin;1976;Jaune;5961;135;72.5;137;75.8;15;4;39;91
Pays de la Loire;44;Golf Int. Barriere La Baule - Bleu;Saint-Andre-des-Eaux;44117;18;72;P. Thevenin;1976;Jaune;5961;135;72.5;137;75.8;16;4;35;84
Pays de la Loire;44;Golf Int. Barriere La Baule - Bleu;Saint-Andre-des-Eaux;44117;18;72;P. Thevenin;1976;Jaune;5961;135;72.5;137;75.8;17;4;59;78
Pays de la Loire;44;Golf Int. Barriere La Baule - Bleu;Saint-Andre-des-Eaux;44117;18;72;P. Thevenin;1976;Jaune;5961;135;72.5;137;75.8;18;4;10;90
Pays de la Loire;44;Golf Int. Barriere La Baule - Bleu;Saint-Andre-des-Eaux;44117;18;72;P. Thevenin;1976;Jaune;5961;135;72.5;137;75.8;19;4;18;102
Pays de la Loire;44;Golf Int. Barriere La Baule - Bleu;Saint-Andre-des-Eaux;44117;18;72;P. Thevenin;1976;Jaune;5961;135;72.5;137;75.8;20;4;2;104
Pays de la Loire;44;Golf Int. Barriere La Baule - Bleu;Saint-Andre-des-Eaux;44117;18;72;P. Thevenin;1976;Jaune;5961;135;72.5;137;75.8;21;4;1;103
Pays de la Loire;44;Golf Int. Barriere La Baule - Bleu;Saint-Andre-des-Eaux;44117;18;72;P. Thevenin;1976;Jaune;5961;135;72.5;137;75.8;22;4;49;94
Pays de la Loire;44;Golf Int. Barriere La Baule - Bleu;Saint-Andre-des-Eaux;44117;18;72;P. Thevenin;1976;Jaune;5961;135;72.5;137;75.8;23;4;23;79
Pays de la Loire;44;Golf Int. Barriere La Baule - Bleu;Saint-Andre-des-Eaux;44117;18;72;P. Thevenin;1976;Jaune;5961;135;72.5;137;75.8;24;4;62;77
Pays de la Loire;44;Golf Int. Barriere La Baule - Bleu;Saint-Andre-des-Eaux;44117;18;72;P. Thevenin;1976;Jaune;5961;135;72.5;137;75.8;25;4;13;97
Pays de la Loire;44;Golf Int. Barriere La Baule - Bleu;Saint-Andre-des-Eaux;44117;18;72;P. Thevenin;1976;Jaune;5961;135;72.5;137;75.8;26;4;9;93
Pays de la Loire;44;Golf Int. Barriere La Baule - Bleu;Saint-Andre-des-Eaux;44117;18;72;P. Thevenin;1976;Jaune;5961;135;72.5;137;75.8;27;4;3;103
Pays de la Loire;44;Golf Int. Barriere La Baule - Bleu;Saint-Andre-des-Eaux;44117;18;72;P. Thevenin;1976;Jaune;5961;135;72.5;137;75.8;28;4;34;76
Pays de la Loire;44;Golf Int. Barriere La Baule - Bleu;Saint-Andre-des-Eaux;44117;18;72;P. Thevenin;1976;Jaune;5961;135;72.5;137;75.8;29;4;48;78
Pays de la Loire;44;Golf Int. Barriere La Baule - Bleu;Saint-Andre-des-Eaux;44117;18;72;P. Thevenin;1976;Jaune;5961;135;72.5;137;75.8;30;4;22;101
Pays de la Loire;44;Golf Int. Barriere La Baule - Bleu;Saint-Andre-des-Eaux;44117;18;72;P. Thevenin;1976;Jaune;5961;135;72.5;137;75.8;31;4;21;103
Pays de la Loire;44;Golf Int. Barriere La Baule - Bleu;Saint-Andre-des-Eaux;44117;18;72;P. Thevenin;1976;Jaune;5961;135;72.5;137;75.8;32;3;67;38
Pays de la Loire;44;Golf Int. Barriere La Baule - Bleu;Saint-Andre-des-Eaux;44117;18;72;P. Thevenin;1976;Jaune;5961;135;72.5;137;75.8;33;4;51;81
Pays de la Loire;44;Golf Int. Barriere La Baule - Bleu;Saint-Andre-des-Eaux;44117;18;72;P. Thevenin;1976;Jaune;5961;135;72.5;137;75.8;34;4;41;89
Pays de la Loire;44;Golf Int. Barriere La Baule - Bleu;Saint-Andre-des-Eaux;44117;18;72;P. Thevenin;1976;Jaune;5961;135;72.5;137;75.8;35;3;66;42
Pays de la Loire;44;Golf Int. Barriere La Baule - Bleu;Saint-Andre-des-Eaux;44117;18;72;P. Thevenin;1976;Jaune;5961;135;72.5;137;75.8;36;4;47;91
Pays de la Loire;44;Golf Int. Barriere La Baule - Bleu;Saint-Andre-des-Eaux;44117;18;72;P. Thevenin;1976;Jaune;5961;135;72.5;137;75.8;37;3;68;38
Pays de la Loire;44;Golf Int. Barriere La Baule - Bleu;Saint-Andre-des-Eaux;44117;18;72;P. Thevenin;1976;Jaune;5961;135;72.5;137;75.8;38;4;8;104
Pays de la Loire;44;Golf Int. Barriere La Baule - Bleu;Saint-Andre-des-Eaux;44117;18;72;P. Thevenin;1976;Jaune;5961;135;72.5;137;75.8;39;4;33;88
Pays de la Loire;44;Golf Int. Barriere La Baule - Bleu;Saint-Andre-des-Eaux;44117;18;72;P. Thevenin;1976;Jaune;5961;135;72.5;137;75.8;40;4;64;77
Pays de la Loire;44;Golf Int. Barriere La Baule - Bleu;Saint-Andre-des-Eaux;44117;18;72;P. Thevenin;1976;Jaune;5961;135;72.5;137;75.8;41;4;63;81
Pays de la Loire;44;Golf Int. Barriere La Baule - Bleu;Saint-Andre-des-Eaux;44117;18;72;P. Thevenin;1976;Jaune;5961;135;72.5;137;75.8;42;4;20;88
Pays de la Loire;44;Golf Int. Barriere La Baule - Bleu;Saint-Andre-des-Eaux;44117;18;72;P. Thevenin;1976;Jaune;5961;135;72.5;137;75.8;43;3;65;34
Pays de la Loire;44;Golf Int. Barriere La Baule - Bleu;Saint-Andre-des-Eaux;44117;18;72;P. Thevenin;1976;Jaune;5961;135;72.5;137;75.8;44;4;12;88
Pays de la Loire;44;Golf Int. Barriere La Baule - Bleu;Saint-Andre-des-Eaux;44117;18;72;P. Thevenin;1976;Jaune;5961;135;72.5;137;75.8;45;4;56;84
Pays de la Loire;44;Golf Int. Barriere La Baule - Bleu;Saint-Andre-des-Eaux;44117;18;72;P. Thevenin;1976;Jaune;5961;135;72.5;137;75.8;46;4;38;102
Pays de la Loire;44;Golf Int. Barriere La Baule - Bleu;Saint-Andre-des-Eaux;44117;18;72;P. Thevenin;1976;Jaune;5961;135;72.5;137;75.8;47;4;5;102
Pays de la Loire;44;Golf Int. Barriere La Baule - Bleu;Saint-Andre-des-Eaux;44117;18;72;P. Thevenin;1976;Jaune;5961;135;72.5;137;75.8;48;4;43;90
Pays de la Loire;44;Golf Int. Barriere La Baule - Bleu;Saint-Andre-des-Eaux;44117;18;72;P. Thevenin;1976;Jaune;5961;135;72.5;137;75.8;49;4;24;85
Pays de la Loire;44;Golf Int. Barriere La Baule - Bleu;Saint-Andre-des-Eaux;44117;18;72;P. Thevenin;1976;Jaune;5961;135;72.5;137;75.8;50;4;40;89
Pays de la Loire;44;Golf Int. Barriere La Baule - Bleu;Saint-Andre-des-Eaux;44117;18;72;P. Thevenin;1976;Jaune;5961;135;72.5;137;75.8;51;4;36;99
Pays de la Loire;44;Golf Int. Barriere La Baule - Bleu;Saint-Andre-des-Eaux;44117;18;72;P. Thevenin;1976;Jaune;5961;135;72.5;137;75.8;52;4;14;100
Pays de la Loire;44;Golf Int. Barriere La Baule - Bleu;Saint-Andre-des-Eaux;44117;18;72;P. Thevenin;1976;Jaune;5961;135;72.5;137;75.8;53;4;37;102
Pays de la Loire;44;Golf Int. Barriere La Baule - Bleu;Saint-Andre-des-Eaux;44117;18;72;P. Thevenin;1976;Jaune;5961;135;72.5;137;75.8;54;4;31;94
Pays de la Loire;44;Golf Int. Barriere La Baule - Bleu;Saint-Andre-des-Eaux;44117;18;72;P. Thevenin;1976;Jaune;5961;135;72.5;137;75.8;55;4;16;98
Pays de la Loire;44;Golf Int. Barriere La Baule - Bleu;Saint-Andre-des-Eaux;44117;18;72;P. Thevenin;1976;Jaune;5961;135;72.5;137;75.8;56;4;19;99
Pays de la Loire;44;Golf Int. Barriere La Baule - Bleu;Saint-Andre-des-Eaux;44117;18;72;P. Thevenin;1976;Jaune;5961;135;72.5;137;75.8;57;4;45;91
Pays de la Loire;44;Golf Int. Barriere La Baule - Bleu;Saint-Andre-des-Eaux;44117;18;72;P. Thevenin;1976;Jaune;5961;135;72.5;137;75.8;58;4;32;81
Pays de la Loire;44;Golf Int. Barriere La Baule - Bleu;Saint-Andre-des-Eaux;44117;18;72;P. Thevenin;1976;Jaune;5961;135;72.5;137;75.8;59;4;26;82
Pays de la Loire;44;Golf Int. Barriere La Baule - Bleu;Saint-Andre-des-Eaux;44117;18;72;P. Thevenin;1976;Jaune;5961;135;72.5;137;75.8;60;4;42;86
Pays de la Loire;44;Golf Int. Barriere La Baule - Bleu;Saint-Andre-des-Eaux;44117;18;72;P. Thevenin;1976;Jaune;5961;135;72.5;137;75.8;61;4;15;83
Pays de la Loire;44;Golf Int. Barriere La Baule - Bleu;Saint-Andre-des-Eaux;44117;18;72;P. Thevenin;1976;Jaune;5961;135;72.5;137;75.8;62;4;30;77
Pays de la Loire;44;Golf Int. Barriere La Baule - Bleu;Saint-Andre-des-Eaux;44117;18;72;P. Thevenin;1976;Jaune;5961;135;72.5;137;75.8;63;4;50;95
Pays de la Loire;44;Golf Int. Barriere La Baule - Bleu;Saint-Andre-des-Eaux;44117;18;72;P. Thevenin;1976;Jaune;5961;135;72.5;137;75.8;64;4;6;100
Pays de la Loire;44;Golf Int. Barriere La Baule - Bleu;Saint-Andre-des-Eaux;44117;18;72;P. Thevenin;1976;Jaune;5961;135;72.5;137;75.8;65;4;27;93
Pays de la Loire;44;Golf Int. Barriere La Baule - Bleu;Saint-Andre-des-Eaux;44117;18;72;P. Thevenin;1976;Jaune;5961;135;72.5;137;75.8;66;4;61;77
Pays de la Loire;44;Golf Int. Barriere La Baule - Bleu;Saint-Andre-des-Eaux;44117;18;72;P. Thevenin;1976;Jaune;5961;135;72.5;137;75.8;67;4;29;101
Pays de la Loire;44;Golf Int. Barriere La Baule - Bleu;Saint-Andre-des-Eaux;44117;18;72;P. Thevenin;1976;Jaune;5961;135;72.5;137;75.8;68;4;46;85
Pays de la Loire;44;Golf Int. Barriere La Baule - Bleu;Saint-Andre-des-Eaux;44117;18;72;P. Thevenin;1976;Bleu;5491;128;70.0;130;73.0;1;4;44;93
Pays de la Loire;44;Golf Int. Barriere La Baule - Bleu;Saint-Andre-des-Eaux;44117;18;72;P. Thevenin;1976;Bleu;5491;128;70.0;130;73.0;2;4;57;81
Pays de la Loire;44;Golf Int. Barriere La Baule - Bleu;Saint-Andre-des-Eaux;44117;18;72;P. Thevenin;1976;Bleu;5491;128;70.0;130;73.0;3;4;4;96
Pays de la Loire;44;Golf Int. Barriere La Baule - Bleu;Saint-Andre-des-Eaux;44117;18;72;P. Thevenin;1976;Bleu;5491;128;70.0;130;73.0;4;4;7;98
Pays de la Loire;44;Golf Int. Barriere La Baule - Bleu;Saint-Andre-des-Eaux;44117;18;72;P. Thevenin;1976;Bleu;5491;128;70.0;130;73.0;5;4;28;74
Pays de la Loire;44;Golf Int. Barriere La Baule - Bleu;Saint-Andre-des-Eaux;44117;18;72;P. Thevenin;1976;Bleu;5491;128;70.0;130;73.0;6;4;25;78
Pays de la Loire;44;Golf Int. Barriere La Baule - Bleu;Saint-Andre-des-Eaux;44117;18;72;P. Thevenin;1976;Bleu;5491;128;70.0;130;73.0;7;4;54;77
Pays de la Loire;44;Golf Int. Barriere La Baule - Bleu;Saint-Andre-des-Eaux;44117;18;72;P. Thevenin;1976;Bleu;5491;128;70.0;130;73.0;8;4;60;77
Pays de la Loire;44;Golf Int. Barriere La Baule - Bleu;Saint-Andre-des-Eaux;44117;18;72;P. Thevenin;1976;Bleu;5491;128;70.0;130;73.0;9;4;11;87
Pays de la Loire;44;Golf Int. Barriere La Baule - Bleu;Saint-Andre-des-Eaux;44117;18;72;P. Thevenin;1976;Bleu;5491;128;70.0;130;73.0;10;4;52;84
Pays de la Loire;44;Golf Int. Barriere La Baule - Bleu;Saint-Andre-des-Eaux;44117;18;72;P. Thevenin;1976;Bleu;5491;128;70.0;130;73.0;11;4;55;75
Pays de la Loire;44;Golf Int. Barriere La Baule - Bleu;Saint-Andre-des-Eaux;44117;18;72;P. Thevenin;1976;Bleu;5491;128;70.0;130;73.0;12;4;53;84
Pays de la Loire;44;Golf Int. Barriere La Baule - Bleu;Saint-Andre-des-Eaux;44117;18;72;P. Thevenin;1976;Bleu;5491;128;70.0;130;73.0;13;4;17;77
Pays de la Loire;44;Golf Int. Barriere La Baule - Bleu;Saint-Andre-des-Eaux;44117;18;72;P. Thevenin;1976;Bleu;5491;128;70.0;130;73.0;14;4;58;79
Pays de la Loire;44;Golf Int. Barriere La Baule - Bleu;Saint-Andre-des-Eaux;44117;18;72;P. Thevenin;1976;Bleu;5491;128;70.0;130;73.0;15;4;39;85
Pays de la Loire;44;Golf Int. Barriere La Baule - Bleu;Saint-Andre-des-Eaux;44117;18;72;P. Thevenin;1976;Bleu;5491;128;70.0;130;73.0;16;4;35;78
Pays de la Loire;44;Golf Int. Barriere La Baule - Bleu;Saint-Andre-des-Eaux;44117;18;72;P. Thevenin;1976;Bleu;5491;128;70.0;130;73.0;17;4;59;73
Pays de la Loire;44;Golf Int. Barriere La Baule - Bleu;Saint-Andre-des-Eaux;44117;18;72;P. Thevenin;1976;Bleu;5491;128;70.0;130;73.0;18;4;10;84
Pays de la Loire;44;Golf Int. Barriere La Baule - Bleu;Saint-Andre-des-Eaux;44117;18;72;P. Thevenin;1976;Bleu;5491;128;70.0;130;73.0;19;4;18;96
Pays de la Loire;44;Golf Int. Barriere La Baule - Bleu;Saint-Andre-des-Eaux;44117;18;72;P. Thevenin;1976;Bleu;5491;128;70.0;130;73.0;20;4;2;98
Pays de la Loire;44;Golf Int. Barriere La Baule - Bleu;Saint-Andre-des-Eaux;44117;18;72;P. Thevenin;1976;Bleu;5491;128;70.0;130;73.0;21;4;1;97
Pays de la Loire;44;Golf Int. Barriere La Baule - Bleu;Saint-Andre-des-Eaux;44117;18;72;P. Thevenin;1976;Bleu;5491;128;70.0;130;73.0;22;4;49;88
Pays de la Loire;44;Golf Int. Barriere La Baule - Bleu;Saint-Andre-des-Eaux;44117;18;72;P. Thevenin;1976;Bleu;5491;128;70.0;130;73.0;23;4;23;74
Pays de la Loire;44;Golf Int. Barriere La Baule - Bleu;Saint-Andre-des-Eaux;44117;18;72;P. Thevenin;1976;Bleu;5491;128;70.0;130;73.0;24;4;62;72
Pays de la Loire;44;Golf Int. Barriere La Baule - Bleu;Saint-Andre-des-Eaux;44117;18;72;P. Thevenin;1976;Bleu;5491;128;70.0;130;73.0;25;4;13;91
Pays de la Loire;44;Golf Int. Barriere La Baule - Bleu;Saint-Andre-des-Eaux;44117;18;72;P. Thevenin;1976;Bleu;5491;128;70.0;130;73.0;26;4;9;87
Pays de la Loire;44;Golf Int. Barriere La Baule - Bleu;Saint-Andre-des-Eaux;44117;18;72;P. Thevenin;1976;Bleu;5491;128;70.0;130;73.0;27;4;3;97
Pays de la Loire;44;Golf Int. Barriere La Baule - Bleu;Saint-Andre-des-Eaux;44117;18;72;P. Thevenin;1976;Bleu;5491;128;70.0;130;73.0;28;4;34;71
Pays de la Loire;44;Golf Int. Barriere La Baule - Bleu;Saint-Andre-des-Eaux;44117;18;72;P. Thevenin;1976;Bleu;5491;128;70.0;130;73.0;29;4;48;73
Pays de la Loire;44;Golf Int. Barriere La Baule - Bleu;Saint-Andre-des-Eaux;44117;18;72;P. Thevenin;1976;Bleu;5491;128;70.0;130;73.0;30;4;22;94
Pays de la Loire;44;Golf Int. Barriere La Baule - Bleu;Saint-Andre-des-Eaux;44117;18;72;P. Thevenin;1976;Bleu;5491;128;70.0;130;73.0;31;4;21;97
Pays de la Loire;44;Golf Int. Barriere La Baule - Bleu;Saint-Andre-des-Eaux;44117;18;72;P. Thevenin;1976;Bleu;5491;128;70.0;130;73.0;32;3;67;35
Pays de la Loire;44;Golf Int. Barriere La Baule - Bleu;Saint-Andre-des-Eaux;44117;18;72;P. Thevenin;1976;Bleu;5491;128;70.0;130;73.0;33;4;51;76
Pays de la Loire;44;Golf Int. Barriere La Baule - Bleu;Saint-Andre-des-Eaux;44117;18;72;P. Thevenin;1976;Bleu;5491;128;70.0;130;73.0;34;4;41;84
Pays de la Loire;44;Golf Int. Barriere La Baule - Bleu;Saint-Andre-des-Eaux;44117;18;72;P. Thevenin;1976;Bleu;5491;128;70.0;130;73.0;35;3;66;40
Pays de la Loire;44;Golf Int. Barriere La Baule - Bleu;Saint-Andre-des-Eaux;44117;18;72;P. Thevenin;1976;Bleu;5491;128;70.0;130;73.0;36;4;47;85
Pays de la Loire;44;Golf Int. Barriere La Baule - Bleu;Saint-Andre-des-Eaux;44117;18;72;P. Thevenin;1976;Bleu;5491;128;70.0;130;73.0;37;3;68;35
Pays de la Loire;44;Golf Int. Barriere La Baule - Bleu;Saint-Andre-des-Eaux;44117;18;72;P. Thevenin;1976;Bleu;5491;128;70.0;130;73.0;38;4;8;98
Pays de la Loire;44;Golf Int. Barriere La Baule - Bleu;Saint-Andre-des-Eaux;44117;18;72;P. Thevenin;1976;Bleu;5491;128;70.0;130;73.0;39;4;33;83
Pays de la Loire;44;Golf Int. Barriere La Baule - Bleu;Saint-Andre-des-Eaux;44117;18;72;P. Thevenin;1976;Bleu;5491;128;70.0;130;73.0;40;4;64;72
Pays de la Loire;44;Golf Int. Barriere La Baule - Bleu;Saint-Andre-des-Eaux;44117;18;72;P. Thevenin;1976;Bleu;5491;128;70.0;130;73.0;41;4;63;76
Pays de la Loire;44;Golf Int. Barriere La Baule - Bleu;Saint-Andre-des-Eaux;44117;18;72;P. Thevenin;1976;Bleu;5491;128;70.0;130;73.0;42;4;20;83
Pays de la Loire;44;Golf Int. Barriere La Baule - Bleu;Saint-Andre-des-Eaux;44117;18;72;P. Thevenin;1976;Bleu;5491;128;70.0;130;73.0;43;3;65;32
Pays de la Loire;44;Golf Int. Barriere La Baule - Bleu;Saint-Andre-des-Eaux;44117;18;72;P. Thevenin;1976;Bleu;5491;128;70.0;130;73.0;44;4;12;83
Pays de la Loire;44;Golf Int. Barriere La Baule - Bleu;Saint-Andre-des-Eaux;44117;18;72;P. Thevenin;1976;Bleu;5491;128;70.0;130;73.0;45;4;56;78
Pays de la Loire;44;Golf Int. Barriere La Baule - Bleu;Saint-Andre-des-Eaux;44117;18;72;P. Thevenin;1976;Bleu;5491;128;70.0;130;73.0;46;4;38;95
Pays de la Loire;44;Golf Int. Barriere La Baule - Bleu;Saint-Andre-des-Eaux;44117;18;72;P. Thevenin;1976;Bleu;5491;128;70.0;130;73.0;47;4;5;95
Pays de la Loire;44;Golf Int. Barriere La Baule - Bleu;Saint-Andre-des-Eaux;44117;18;72;P. Thevenin;1976;Bleu;5491;128;70.0;130;73.0;48;4;43;84
Pays de la Loire;44;Golf Int. Barriere La Baule - Bleu;Saint-Andre-des-Eaux;44117;18;72;P. Thevenin;1976;Bleu;5491;128;70.0;130;73.0;49;4;24;79
Pays de la Loire;44;Golf Int. Barriere La Baule - Bleu;Saint-Andre-des-Eaux;44117;18;72;P. Thevenin;1976;Bleu;5491;128;70.0;130;73.0;50;4;40;84
Pays de la Loire;44;Golf Int. Barriere La Baule - Bleu;Saint-Andre-des-Eaux;44117;18;72;P. Thevenin;1976;Bleu;5491;128;70.0;130;73.0;51;4;36;92
Pays de la Loire;44;Golf Int. Barriere La Baule - Bleu;Saint-Andre-des-Eaux;44117;18;72;P. Thevenin;1976;Bleu;5491;128;70.0;130;73.0;52;4;14;93
Pays de la Loire;44;Golf Int. Barriere La Baule - Bleu;Saint-Andre-des-Eaux;44117;18;72;P. Thevenin;1976;Bleu;5491;128;70.0;130;73.0;53;4;37;95
Pays de la Loire;44;Golf Int. Barriere La Baule - Bleu;Saint-Andre-des-Eaux;44117;18;72;P. Thevenin;1976;Bleu;5491;128;70.0;130;73.0;54;4;31;88
Pays de la Loire;44;Golf Int. Barriere La Baule - Bleu;Saint-Andre-des-Eaux;44117;18;72;P. Thevenin;1976;Bleu;5491;128;70.0;130;73.0;55;4;16;92
Pays de la Loire;44;Golf Int. Barriere La Baule - Bleu;Saint-Andre-des-Eaux;44117;18;72;P. Thevenin;1976;Bleu;5491;128;70.0;130;73.0;56;4;19;92
Pays de la Loire;44;Golf Int. Barriere La Baule - Bleu;Saint-Andre-des-Eaux;44117;18;72;P. Thevenin;1976;Bleu;5491;128;70.0;130;73.0;57;4;45;85
Pays de la Loire;44;Golf Int. Barriere La Baule - Bleu;Saint-Andre-des-Eaux;44117;18;72;P. Thevenin;1976;Bleu;5491;128;70.0;130;73.0;58;4;32;76
Pays de la Loire;44;Golf Int. Barriere La Baule - Bleu;Saint-Andre-des-Eaux;44117;18;72;P. Thevenin;1976;Bleu;5491;128;70.0;130;73.0;59;4;26;77
Pays de la Loire;44;Golf Int. Barriere La Baule - Bleu;Saint-Andre-des-Eaux;44117;18;72;P. Thevenin;1976;Bleu;5491;128;70.0;130;73.0;60;4;42;80
Pays de la Loire;44;Golf Int. Barriere La Baule - Bleu;Saint-Andre-des-Eaux;44117;18;72;P. Thevenin;1976;Bleu;5491;128;70.0;130;73.0;61;4;15;77
Pays de la Loire;44;Golf Int. Barriere La Baule - Bleu;Saint-Andre-des-Eaux;44117;18;72;P. Thevenin;1976;Bleu;5491;128;70.0;130;73.0;62;4;30;72
Pays de la Loire;44;Golf Int. Barriere La Baule - Bleu;Saint-Andre-des-Eaux;44117;18;72;P. Thevenin;1976;Bleu;5491;128;70.0;130;73.0;63;4;50;89
Pays de la Loire;44;Golf Int. Barriere La Baule - Bleu;Saint-Andre-des-Eaux;44117;18;72;P. Thevenin;1976;Bleu;5491;128;70.0;130;73.0;64;4;6;93
Pays de la Loire;44;Golf Int. Barriere La Baule - Bleu;Saint-Andre-des-Eaux;44117;18;72;P. Thevenin;1976;Bleu;5491;128;70.0;130;73.0;65;4;27;87
Pays de la Loire;44;Golf Int. Barriere La Baule - Bleu;Saint-Andre-des-Eaux;44117;18;72;P. Thevenin;1976;Bleu;5491;128;70.0;130;73.0;66;4;61;72
Pays de la Loire;44;Golf Int. Barriere La Baule - Bleu;Saint-Andre-des-Eaux;44117;18;72;P. Thevenin;1976;Bleu;5491;128;70.0;130;73.0;67;4;29;94
Pays de la Loire;44;Golf Int. Barriere La Baule - Bleu;Saint-Andre-des-Eaux;44117;18;72;P. Thevenin;1976;Bleu;5491;128;70.0;130;73.0;68;4;46;79
Pays de la Loire;44;Golf Int. Barriere La Baule - Bleu;Saint-Andre-des-Eaux;44117;18;72;P. Thevenin;1976;Rouge;5070;122;68.0;124;71.0;1;4;44;87
Pays de la Loire;44;Golf Int. Barriere La Baule - Bleu;Saint-Andre-des-Eaux;44117;18;72;P. Thevenin;1976;Rouge;5070;122;68.0;124;71.0;2;4;57;75
Pays de la Loire;44;Golf Int. Barriere La Baule - Bleu;Saint-Andre-des-Eaux;44117;18;72;P. Thevenin;1976;Rouge;5070;122;68.0;124;71.0;3;4;4;89
Pays de la Loire;44;Golf Int. Barriere La Baule - Bleu;Saint-Andre-des-Eaux;44117;18;72;P. Thevenin;1976;Rouge;5070;122;68.0;124;71.0;4;4;7;91
Pays de la Loire;44;Golf Int. Barriere La Baule - Bleu;Saint-Andre-des-Eaux;44117;18;72;P. Thevenin;1976;Rouge;5070;122;68.0;124;71.0;5;4;28;69
Pays de la Loire;44;Golf Int. Barriere La Baule - Bleu;Saint-Andre-des-Eaux;44117;18;72;P. Thevenin;1976;Rouge;5070;122;68.0;124;71.0;6;4;25;73
Pays de la Loire;44;Golf Int. Barriere La Baule - Bleu;Saint-Andre-des-Eaux;44117;18;72;P. Thevenin;1976;Rouge;5070;122;68.0;124;71.0;7;4;54;71
Pays de la Loire;44;Golf Int. Barriere La Baule - Bleu;Saint-Andre-des-Eaux;44117;18;72;P. Thevenin;1976;Rouge;5070;122;68.0;124;71.0;8;4;60;71
Pays de la Loire;44;Golf Int. Barriere La Baule - Bleu;Saint-Andre-des-Eaux;44117;18;72;P. Thevenin;1976;Rouge;5070;122;68.0;124;71.0;9;4;11;81
Pays de la Loire;44;Golf Int. Barriere La Baule - Bleu;Saint-Andre-des-Eaux;44117;18;72;P. Thevenin;1976;Rouge;5070;122;68.0;124;71.0;10;4;52;79
Pays de la Loire;44;Golf Int. Barriere La Baule - Bleu;Saint-Andre-des-Eaux;44117;18;72;P. Thevenin;1976;Rouge;5070;122;68.0;124;71.0;11;4;55;70
Pays de la Loire;44;Golf Int. Barriere La Baule - Bleu;Saint-Andre-des-Eaux;44117;18;72;P. Thevenin;1976;Rouge;5070;122;68.0;124;71.0;12;4;53;78
Pays de la Loire;44;Golf Int. Barriere La Baule - Bleu;Saint-Andre-des-Eaux;44117;18;72;P. Thevenin;1976;Rouge;5070;122;68.0;124;71.0;13;4;17;71
Pays de la Loire;44;Golf Int. Barriere La Baule - Bleu;Saint-Andre-des-Eaux;44117;18;72;P. Thevenin;1976;Rouge;5070;122;68.0;124;71.0;14;4;58;74
Pays de la Loire;44;Golf Int. Barriere La Baule - Bleu;Saint-Andre-des-Eaux;44117;18;72;P. Thevenin;1976;Rouge;5070;122;68.0;124;71.0;15;4;39;80
Pays de la Loire;44;Golf Int. Barriere La Baule - Bleu;Saint-Andre-des-Eaux;44117;18;72;P. Thevenin;1976;Rouge;5070;122;68.0;124;71.0;16;4;35;73
Pays de la Loire;44;Golf Int. Barriere La Baule - Bleu;Saint-Andre-des-Eaux;44117;18;72;P. Thevenin;1976;Rouge;5070;122;68.0;124;71.0;17;4;59;68
Pays de la Loire;44;Golf Int. Barriere La Baule - Bleu;Saint-Andre-des-Eaux;44117;18;72;P. Thevenin;1976;Rouge;5070;122;68.0;124;71.0;18;4;10;79
Pays de la Loire;44;Golf Int. Barriere La Baule - Bleu;Saint-Andre-des-Eaux;44117;18;72;P. Thevenin;1976;Rouge;5070;122;68.0;124;71.0;19;4;18;89
Pays de la Loire;44;Golf Int. Barriere La Baule - Bleu;Saint-Andre-des-Eaux;44117;18;72;P. Thevenin;1976;Rouge;5070;122;68.0;124;71.0;20;4;2;91
Pays de la Loire;44;Golf Int. Barriere La Baule - Bleu;Saint-Andre-des-Eaux;44117;18;72;P. Thevenin;1976;Rouge;5070;122;68.0;124;71.0;21;4;1;90
Pays de la Loire;44;Golf Int. Barriere La Baule - Bleu;Saint-Andre-des-Eaux;44117;18;72;P. Thevenin;1976;Rouge;5070;122;68.0;124;71.0;22;4;49;82
Pays de la Loire;44;Golf Int. Barriere La Baule - Bleu;Saint-Andre-des-Eaux;44117;18;72;P. Thevenin;1976;Rouge;5070;122;68.0;124;71.0;23;4;23;69
Pays de la Loire;44;Golf Int. Barriere La Baule - Bleu;Saint-Andre-des-Eaux;44117;18;72;P. Thevenin;1976;Rouge;5070;122;68.0;124;71.0;24;4;62;67
Pays de la Loire;44;Golf Int. Barriere La Baule - Bleu;Saint-Andre-des-Eaux;44117;18;72;P. Thevenin;1976;Rouge;5070;122;68.0;124;71.0;25;4;13;84
Pays de la Loire;44;Golf Int. Barriere La Baule - Bleu;Saint-Andre-des-Eaux;44117;18;72;P. Thevenin;1976;Rouge;5070;122;68.0;124;71.0;26;4;9;81
Pays de la Loire;44;Golf Int. Barriere La Baule - Bleu;Saint-Andre-des-Eaux;44117;18;72;P. Thevenin;1976;Rouge;5070;122;68.0;124;71.0;27;4;3;90
Pays de la Loire;44;Golf Int. Barriere La Baule - Bleu;Saint-Andre-des-Eaux;44117;18;72;P. Thevenin;1976;Rouge;5070;122;68.0;124;71.0;28;4;34;66
Pays de la Loire;44;Golf Int. Barriere La Baule - Bleu;Saint-Andre-des-Eaux;44117;18;72;P. Thevenin;1976;Rouge;5070;122;68.0;124;71.0;29;4;48;68
Pays de la Loire;44;Golf Int. Barriere La Baule - Bleu;Saint-Andre-des-Eaux;44117;18;72;P. Thevenin;1976;Rouge;5070;122;68.0;124;71.0;30;4;22;88
Pays de la Loire;44;Golf Int. Barriere La Baule - Bleu;Saint-Andre-des-Eaux;44117;18;72;P. Thevenin;1976;Rouge;5070;122;68.0;124;71.0;31;4;21;90
Pays de la Loire;44;Golf Int. Barriere La Baule - Bleu;Saint-Andre-des-Eaux;44117;18;72;P. Thevenin;1976;Rouge;5070;122;68.0;124;71.0;32;3;67;33
Pays de la Loire;44;Golf Int. Barriere La Baule - Bleu;Saint-Andre-des-Eaux;44117;18;72;P. Thevenin;1976;Rouge;5070;122;68.0;124;71.0;33;4;51;71
Pays de la Loire;44;Golf Int. Barriere La Baule - Bleu;Saint-Andre-des-Eaux;44117;18;72;P. Thevenin;1976;Rouge;5070;122;68.0;124;71.0;34;4;41;78
Pays de la Loire;44;Golf Int. Barriere La Baule - Bleu;Saint-Andre-des-Eaux;44117;18;72;P. Thevenin;1976;Rouge;5070;122;68.0;124;71.0;35;3;66;37
Pays de la Loire;44;Golf Int. Barriere La Baule - Bleu;Saint-Andre-des-Eaux;44117;18;72;P. Thevenin;1976;Rouge;5070;122;68.0;124;71.0;36;4;47;80
Pays de la Loire;44;Golf Int. Barriere La Baule - Bleu;Saint-Andre-des-Eaux;44117;18;72;P. Thevenin;1976;Rouge;5070;122;68.0;124;71.0;37;3;68;33
Pays de la Loire;44;Golf Int. Barriere La Baule - Bleu;Saint-Andre-des-Eaux;44117;18;72;P. Thevenin;1976;Rouge;5070;122;68.0;124;71.0;38;4;8;91
Pays de la Loire;44;Golf Int. Barriere La Baule - Bleu;Saint-Andre-des-Eaux;44117;18;72;P. Thevenin;1976;Rouge;5070;122;68.0;124;71.0;39;4;33;77
Pays de la Loire;44;Golf Int. Barriere La Baule - Bleu;Saint-Andre-des-Eaux;44117;18;72;P. Thevenin;1976;Rouge;5070;122;68.0;124;71.0;40;4;64;67
Pays de la Loire;44;Golf Int. Barriere La Baule - Bleu;Saint-Andre-des-Eaux;44117;18;72;P. Thevenin;1976;Rouge;5070;122;68.0;124;71.0;41;4;63;71
Pays de la Loire;44;Golf Int. Barriere La Baule - Bleu;Saint-Andre-des-Eaux;44117;18;72;P. Thevenin;1976;Rouge;5070;122;68.0;124;71.0;42;4;20;77
Pays de la Loire;44;Golf Int. Barriere La Baule - Bleu;Saint-Andre-des-Eaux;44117;18;72;P. Thevenin;1976;Rouge;5070;122;68.0;124;71.0;43;3;65;30
Pays de la Loire;44;Golf Int. Barriere La Baule - Bleu;Saint-Andre-des-Eaux;44117;18;72;P. Thevenin;1976;Rouge;5070;122;68.0;124;71.0;44;4;12;77
Pays de la Loire;44;Golf Int. Barriere La Baule - Bleu;Saint-Andre-des-Eaux;44117;18;72;P. Thevenin;1976;Rouge;5070;122;68.0;124;71.0;45;4;56;73
Pays de la Loire;44;Golf Int. Barriere La Baule - Bleu;Saint-Andre-des-Eaux;44117;18;72;P. Thevenin;1976;Rouge;5070;122;68.0;124;71.0;46;4;38;89
Pays de la Loire;44;Golf Int. Barriere La Baule - Bleu;Saint-Andre-des-Eaux;44117;18;72;P. Thevenin;1976;Rouge;5070;122;68.0;124;71.0;47;4;5;89
Pays de la Loire;44;Golf Int. Barriere La Baule - Bleu;Saint-Andre-des-Eaux;44117;18;72;P. Thevenin;1976;Rouge;5070;122;68.0;124;71.0;48;4;43;79
Pays de la Loire;44;Golf Int. Barriere La Baule - Bleu;Saint-Andre-des-Eaux;44117;18;72;P. Thevenin;1976;Rouge;5070;122;68.0;124;71.0;49;4;24;74
Pays de la Loire;44;Golf Int. Barriere La Baule - Bleu;Saint-Andre-des-Eaux;44117;18;72;P. Thevenin;1976;Rouge;5070;122;68.0;124;71.0;50;4;40;78
Pays de la Loire;44;Golf Int. Barriere La Baule - Bleu;Saint-Andre-des-Eaux;44117;18;72;P. Thevenin;1976;Rouge;5070;122;68.0;124;71.0;51;4;36;86
Pays de la Loire;44;Golf Int. Barriere La Baule - Bleu;Saint-Andre-des-Eaux;44117;18;72;P. Thevenin;1976;Rouge;5070;122;68.0;124;71.0;52;4;14;87
Pays de la Loire;44;Golf Int. Barriere La Baule - Bleu;Saint-Andre-des-Eaux;44117;18;72;P. Thevenin;1976;Rouge;5070;122;68.0;124;71.0;53;4;37;89
Pays de la Loire;44;Golf Int. Barriere La Baule - Bleu;Saint-Andre-des-Eaux;44117;18;72;P. Thevenin;1976;Rouge;5070;122;68.0;124;71.0;54;4;31;82
Pays de la Loire;44;Golf Int. Barriere La Baule - Bleu;Saint-Andre-des-Eaux;44117;18;72;P. Thevenin;1976;Rouge;5070;122;68.0;124;71.0;55;4;16;85
Pays de la Loire;44;Golf Int. Barriere La Baule - Bleu;Saint-Andre-des-Eaux;44117;18;72;P. Thevenin;1976;Rouge;5070;122;68.0;124;71.0;56;4;19;86
Pays de la Loire;44;Golf Int. Barriere La Baule - Bleu;Saint-Andre-des-Eaux;44117;18;72;P. Thevenin;1976;Rouge;5070;122;68.0;124;71.0;57;4;45;80
Pays de la Loire;44;Golf Int. Barriere La Baule - Bleu;Saint-Andre-des-Eaux;44117;18;72;P. Thevenin;1976;Rouge;5070;122;68.0;124;71.0;58;4;32;71
Pays de la Loire;44;Golf Int. Barriere La Baule - Bleu;Saint-Andre-des-Eaux;44117;18;72;P. Thevenin;1976;Rouge;5070;122;68.0;124;71.0;59;4;26;71
Pays de la Loire;44;Golf Int. Barriere La Baule - Bleu;Saint-Andre-des-Eaux;44117;18;72;P. Thevenin;1976;Rouge;5070;122;68.0;124;71.0;60;4;42;75
Pays de la Loire;44;Golf Int. Barriere La Baule - Bleu;Saint-Andre-des-Eaux;44117;18;72;P. Thevenin;1976;Rouge;5070;122;68.0;124;71.0;61;4;15;72
Pays de la Loire;44;Golf Int. Barriere La Baule - Bleu;Saint-Andre-des-Eaux;44117;18;72;P. Thevenin;1976;Rouge;5070;122;68.0;124;71.0;62;4;30;67
Pays de la Loire;44;Golf Int. Barriere La Baule - Bleu;Saint-Andre-des-Eaux;44117;18;72;P. Thevenin;1976;Rouge;5070;122;68.0;124;71.0;63;4;50;83
Pays de la Loire;44;Golf Int. Barriere La Baule - Bleu;Saint-Andre-des-Eaux;44117;18;72;P. Thevenin;1976;Rouge;5070;122;68.0;124;71.0;64;4;6;87
Pays de la Loire;44;Golf Int. Barriere La Baule - Bleu;Saint-Andre-des-Eaux;44117;18;72;P. Thevenin;1976;Rouge;5070;122;68.0;124;71.0;65;4;27;81
Pays de la Loire;44;Golf Int. Barriere La Baule - Bleu;Saint-Andre-des-Eaux;44117;18;72;P. Thevenin;1976;Rouge;5070;122;68.0;124;71.0;66;4;61;67
Pays de la Loire;44;Golf Int. Barriere La Baule - Bleu;Saint-Andre-des-Eaux;44117;18;72;P. Thevenin;1976;Rouge;5070;122;68.0;124;71.0;67;4;29;88
Pays de la Loire;44;Golf Int. Barriere La Baule - Bleu;Saint-Andre-des-Eaux;44117;18;72;P. Thevenin;1976;Rouge;5070;122;68.0;124;71.0;68;4;46;74
Pays de la Loire;44;Golf Blue Green Savenay;Savenay;44260;18;73;M. Gayon;1990;Blanc;6250;142;73.5;0;0;1;4;29;105
Pays de la Loire;44;Golf Blue Green Savenay;Savenay;44260;18;73;M. Gayon;1990;Blanc;6250;142;73.5;0;0;2;4;59;91
Pays de la Loire;44;Golf Blue Green Savenay;Savenay;44260;18;73;M. Gayon;1990;Blanc;6250;142;73.5;0;0;3;4;9;107
Pays de la Loire;44;Golf Blue Green Savenay;Savenay;44260;18;73;M. Gayon;1990;Blanc;6250;142;73.5;0;0;4;4;57;94
Pays de la Loire;44;Golf Blue Green Savenay;Savenay;44260;18;73;M. Gayon;1990;Blanc;6250;142;73.5;0;0;5;4;3;107
Pays de la Loire;44;Golf Blue Green Savenay;Savenay;44260;18;73;M. Gayon;1990;Blanc;6250;142;73.5;0;0;6;4;5;103
Pays de la Loire;44;Golf Blue Green Savenay;Savenay;44260;18;73;M. Gayon;1990;Blanc;6250;142;73.5;0;0;7;4;26;110
Pays de la Loire;44;Golf Blue Green Savenay;Savenay;44260;18;73;M. Gayon;1990;Blanc;6250;142;73.5;0;0;8;4;14;105
Pays de la Loire;44;Golf Blue Green Savenay;Savenay;44260;18;73;M. Gayon;1990;Blanc;6250;142;73.5;0;0;9;4;8;108
Pays de la Loire;44;Golf Blue Green Savenay;Savenay;44260;18;73;M. Gayon;1990;Blanc;6250;142;73.5;0;0;10;4;61;88
Pays de la Loire;44;Golf Blue Green Savenay;Savenay;44260;18;73;M. Gayon;1990;Blanc;6250;142;73.5;0;0;11;4;41;89
Pays de la Loire;44;Golf Blue Green Savenay;Savenay;44260;18;73;M. Gayon;1990;Blanc;6250;142;73.5;0;0;12;4;22;85
Pays de la Loire;44;Golf Blue Green Savenay;Savenay;44260;18;73;M. Gayon;1990;Blanc;6250;142;73.5;0;0;13;4;17;107
Pays de la Loire;44;Golf Blue Green Savenay;Savenay;44260;18;73;M. Gayon;1990;Blanc;6250;142;73.5;0;0;14;4;39;104
Pays de la Loire;44;Golf Blue Green Savenay;Savenay;44260;18;73;M. Gayon;1990;Blanc;6250;142;73.5;0;0;15;4;52;83
Pays de la Loire;44;Golf Blue Green Savenay;Savenay;44260;18;73;M. Gayon;1990;Blanc;6250;142;73.5;0;0;16;4;21;93
Pays de la Loire;44;Golf Blue Green Savenay;Savenay;44260;18;73;M. Gayon;1990;Blanc;6250;142;73.5;0;0;17;4;55;81
Pays de la Loire;44;Golf Blue Green Savenay;Savenay;44260;18;73;M. Gayon;1990;Blanc;6250;142;73.5;0;0;18;4;7;109
Pays de la Loire;44;Golf Blue Green Savenay;Savenay;44260;18;73;M. Gayon;1990;Blanc;6250;142;73.5;0;0;19;4;35;96
Pays de la Loire;44;Golf Blue Green Savenay;Savenay;44260;18;73;M. Gayon;1990;Blanc;6250;142;73.5;0;0;20;4;37;87
Pays de la Loire;44;Golf Blue Green Savenay;Savenay;44260;18;73;M. Gayon;1990;Blanc;6250;142;73.5;0;0;21;4;48;86
Pays de la Loire;44;Golf Blue Green Savenay;Savenay;44260;18;73;M. Gayon;1990;Blanc;6250;142;73.5;0;0;22;4;2;108
Pays de la Loire;44;Golf Blue Green Savenay;Savenay;44260;18;73;M. Gayon;1990;Blanc;6250;142;73.5;0;0;23;4;51;95
Pays de la Loire;44;Golf Blue Green Savenay;Savenay;44260;18;73;M. Gayon;1990;Blanc;6250;142;73.5;0;0;24;4;50;91
Pays de la Loire;44;Golf Blue Green Savenay;Savenay;44260;18;73;M. Gayon;1990;Blanc;6250;142;73.5;0;0;25;4;34;90
Pays de la Loire;44;Golf Blue Green Savenay;Savenay;44260;18;73;M. Gayon;1990;Blanc;6250;142;73.5;0;0;26;4;10;108
Pays de la Loire;44;Golf Blue Green Savenay;Savenay;44260;18;73;M. Gayon;1990;Blanc;6250;142;73.5;0;0;27;4;32;107
Pays de la Loire;44;Golf Blue Green Savenay;Savenay;44260;18;73;M. Gayon;1990;Blanc;6250;142;73.5;0;0;28;4;18;87
Pays de la Loire;44;Golf Blue Green Savenay;Savenay;44260;18;73;M. Gayon;1990;Blanc;6250;142;73.5;0;0;29;4;24;87
Pays de la Loire;44;Golf Blue Green Savenay;Savenay;44260;18;73;M. Gayon;1990;Blanc;6250;142;73.5;0;0;30;3;68;36
Pays de la Loire;44;Golf Blue Green Savenay;Savenay;44260;18;73;M. Gayon;1990;Blanc;6250;142;73.5;0;0;31;4;16;102
Pays de la Loire;44;Golf Blue Green Savenay;Savenay;44260;18;73;M. Gayon;1990;Blanc;6250;142;73.5;0;0;32;4;28;86
Pays de la Loire;44;Golf Blue Green Savenay;Savenay;44260;18;73;M. Gayon;1990;Blanc;6250;142;73.5;0;0;33;4;58;93
Pays de la Loire;44;Golf Blue Green Savenay;Savenay;44260;18;73;M. Gayon;1990;Blanc;6250;142;73.5;0;0;34;4;40;91
Pays de la Loire;44;Golf Blue Green Savenay;Savenay;44260;18;73;M. Gayon;1990;Blanc;6250;142;73.5;0;0;35;4;47;89
Pays de la Loire;44;Golf Blue Green Savenay;Savenay;44260;18;73;M. Gayon;1990;Blanc;6250;142;73.5;0;0;36;4;23;110
Pays de la Loire;44;Golf Blue Green Savenay;Savenay;44260;18;73;M. Gayon;1990;Blanc;6250;142;73.5;0;0;37;4;44;82
Pays de la Loire;44;Golf Blue Green Savenay;Savenay;44260;18;73;M. Gayon;1990;Blanc;6250;142;73.5;0;0;38;4;1;106
Pays de la Loire;44;Golf Blue Green Savenay;Savenay;44260;18;73;M. Gayon;1990;Blanc;6250;142;73.5;0;0;39;4;15;89
Pays de la Loire;44;Golf Blue Green Savenay;Savenay;44260;18;73;M. Gayon;1990;Blanc;6250;142;73.5;0;0;40;4;38;91
Pays de la Loire;44;Golf Blue Green Savenay;Savenay;44260;18;73;M. Gayon;1990;Blanc;6250;142;73.5;0;0;41;4;11;102
Pays de la Loire;44;Golf Blue Green Savenay;Savenay;44260;18;73;M. Gayon;1990;Blanc;6250;142;73.5;0;0;42;4;20;97
Pays de la Loire;44;Golf Blue Green Savenay;Savenay;44260;18;73;M. Gayon;1990;Blanc;6250;142;73.5;0;0;43;4;27;93
Pays de la Loire;44;Golf Blue Green Savenay;Savenay;44260;18;73;M. Gayon;1990;Blanc;6250;142;73.5;0;0;44;4;33;103
Pays de la Loire;44;Golf Blue Green Savenay;Savenay;44260;18;73;M. Gayon;1990;Blanc;6250;142;73.5;0;0;45;3;65;50
Pays de la Loire;44;Golf Blue Green Savenay;Savenay;44260;18;73;M. Gayon;1990;Blanc;6250;142;73.5;0;0;46;3;67;45
Pays de la Loire;44;Golf Blue Green Savenay;Savenay;44260;18;73;M. Gayon;1990;Blanc;6250;142;73.5;0;0;47;4;54;91
Pays de la Loire;44;Golf Blue Green Savenay;Savenay;44260;18;73;M. Gayon;1990;Blanc;6250;142;73.5;0;0;48;4;64;80
Pays de la Loire;44;Golf Blue Green Savenay;Savenay;44260;18;73;M. Gayon;1990;Blanc;6250;142;73.5;0;0;49;4;53;83
Pays de la Loire;44;Golf Blue Green Savenay;Savenay;44260;18;73;M. Gayon;1990;Blanc;6250;142;73.5;0;0;50;4;30;88
Pays de la Loire;44;Golf Blue Green Savenay;Savenay;44260;18;73;M. Gayon;1990;Blanc;6250;142;73.5;0;0;51;3;66;39
Pays de la Loire;44;Golf Blue Green Savenay;Savenay;44260;18;73;M. Gayon;1990;Blanc;6250;142;73.5;0;0;52;4;4;100
Pays de la Loire;44;Golf Blue Green Savenay;Savenay;44260;18;73;M. Gayon;1990;Blanc;6250;142;73.5;0;0;53;4;43;88
Pays de la Loire;44;Golf Blue Green Savenay;Savenay;44260;18;73;M. Gayon;1990;Blanc;6250;142;73.5;0;0;54;4;63;81
Pays de la Loire;44;Golf Blue Green Savenay;Savenay;44260;18;73;M. Gayon;1990;Blanc;6250;142;73.5;0;0;55;4;56;83
Pays de la Loire;44;Golf Blue Green Savenay;Savenay;44260;18;73;M. Gayon;1990;Blanc;6250;142;73.5;0;0;56;4;31;100
Pays de la Loire;44;Golf Blue Green Savenay;Savenay;44260;18;73;M. Gayon;1990;Blanc;6250;142;73.5;0;0;57;4;46;94
Pays de la Loire;44;Golf Blue Green Savenay;Savenay;44260;18;73;M. Gayon;1990;Blanc;6250;142;73.5;0;0;58;4;49;91
Pays de la Loire;44;Golf Blue Green Savenay;Savenay;44260;18;73;M. Gayon;1990;Blanc;6250;142;73.5;0;0;59;4;36;105
Pays de la Loire;44;Golf Blue Green Savenay;Savenay;44260;18;73;M. Gayon;1990;Blanc;6250;142;73.5;0;0;60;4;45;107
Pays de la Loire;44;Golf Blue Green Savenay;Savenay;44260;18;73;M. Gayon;1990;Blanc;6250;142;73.5;0;0;61;4;60;90
Pays de la Loire;44;Golf Blue Green Savenay;Savenay;44260;18;73;M. Gayon;1990;Blanc;6250;142;73.5;0;0;62;4;42;94
Pays de la Loire;44;Golf Blue Green Savenay;Savenay;44260;18;73;M. Gayon;1990;Blanc;6250;142;73.5;0;0;63;4;12;100
Pays de la Loire;44;Golf Blue Green Savenay;Savenay;44260;18;73;M. Gayon;1990;Blanc;6250;142;73.5;0;0;64;4;6;97
Pays de la Loire;44;Golf Blue Green Savenay;Savenay;44260;18;73;M. Gayon;1990;Blanc;6250;142;73.5;0;0;65;4;62;83
Pays de la Loire;44;Golf Blue Green Savenay;Savenay;44260;18;73;M. Gayon;1990;Blanc;6250;142;73.5;0;0;66;4;25;93
Pays de la Loire;44;Golf Blue Green Savenay;Savenay;44260;18;73;M. Gayon;1990;Blanc;6250;142;73.5;0;0;67;4;19;99
Pays de la Loire;44;Golf Blue Green Savenay;Savenay;44260;18;73;M. Gayon;1990;Blanc;6250;142;73.5;0;0;68;4;13;88
Pays de la Loire;44;Golf Blue Green Savenay;Savenay;44260;18;73;M. Gayon;1990;Jaune;5970;137;72.0;0;0;1;4;29;99
Pays de la Loire;44;Golf Blue Green Savenay;Savenay;44260;18;73;M. Gayon;1990;Jaune;5970;137;72.0;0;0;2;4;59;86
Pays de la Loire;44;Golf Blue Green Savenay;Savenay;44260;18;73;M. Gayon;1990;Jaune;5970;137;72.0;0;0;3;4;9;101
Pays de la Loire;44;Golf Blue Green Savenay;Savenay;44260;18;73;M. Gayon;1990;Jaune;5970;137;72.0;0;0;4;4;57;88
Pays de la Loire;44;Golf Blue Green Savenay;Savenay;44260;18;73;M. Gayon;1990;Jaune;5970;137;72.0;0;0;5;4;3;101
Pays de la Loire;44;Golf Blue Green Savenay;Savenay;44260;18;73;M. Gayon;1990;Jaune;5970;137;72.0;0;0;6;4;5;97
Pays de la Loire;44;Golf Blue Green Savenay;Savenay;44260;18;73;M. Gayon;1990;Jaune;5970;137;72.0;0;0;7;4;26;103
Pays de la Loire;44;Golf Blue Green Savenay;Savenay;44260;18;73;M. Gayon;1990;Jaune;5970;137;72.0;0;0;8;4;14;99
Pays de la Loire;44;Golf Blue Green Savenay;Savenay;44260;18;73;M. Gayon;1990;Jaune;5970;137;72.0;0;0;9;4;8;102
Pays de la Loire;44;Golf Blue Green Savenay;Savenay;44260;18;73;M. Gayon;1990;Jaune;5970;137;72.0;0;0;10;4;61;83
Pays de la Loire;44;Golf Blue Green Savenay;Savenay;44260;18;73;M. Gayon;1990;Jaune;5970;137;72.0;0;0;11;4;41;84
Pays de la Loire;44;Golf Blue Green Savenay;Savenay;44260;18;73;M. Gayon;1990;Jaune;5970;137;72.0;0;0;12;4;22;80
Pays de la Loire;44;Golf Blue Green Savenay;Savenay;44260;18;73;M. Gayon;1990;Jaune;5970;137;72.0;0;0;13;4;17;101
Pays de la Loire;44;Golf Blue Green Savenay;Savenay;44260;18;73;M. Gayon;1990;Jaune;5970;137;72.0;0;0;14;4;39;98
Pays de la Loire;44;Golf Blue Green Savenay;Savenay;44260;18;73;M. Gayon;1990;Jaune;5970;137;72.0;0;0;15;4;52;78
Pays de la Loire;44;Golf Blue Green Savenay;Savenay;44260;18;73;M. Gayon;1990;Jaune;5970;137;72.0;0;0;16;4;21;87
Pays de la Loire;44;Golf Blue Green Savenay;Savenay;44260;18;73;M. Gayon;1990;Jaune;5970;137;72.0;0;0;17;4;55;76
Pays de la Loire;44;Golf Blue Green Savenay;Savenay;44260;18;73;M. Gayon;1990;Jaune;5970;137;72.0;0;0;18;4;7;102
Pays de la Loire;44;Golf Blue Green Savenay;Savenay;44260;18;73;M. Gayon;1990;Jaune;5970;137;72.0;0;0;19;4;35;90
Pays de la Loire;44;Golf Blue Green Savenay;Savenay;44260;18;73;M. Gayon;1990;Jaune;5970;137;72.0;0;0;20;4;37;82
Pays de la Loire;44;Golf Blue Green Savenay;Savenay;44260;18;73;M. Gayon;1990;Jaune;5970;137;72.0;0;0;21;4;48;81
Pays de la Loire;44;Golf Blue Green Savenay;Savenay;44260;18;73;M. Gayon;1990;Jaune;5970;137;72.0;0;0;22;4;2;102
Pays de la Loire;44;Golf Blue Green Savenay;Savenay;44260;18;73;M. Gayon;1990;Jaune;5970;137;72.0;0;0;23;4;51;89
Pays de la Loire;44;Golf Blue Green Savenay;Savenay;44260;18;73;M. Gayon;1990;Jaune;5970;137;72.0;0;0;24;4;50;86
Pays de la Loire;44;Golf Blue Green Savenay;Savenay;44260;18;73;M. Gayon;1990;Jaune;5970;137;72.0;0;0;25;4;34;85
Pays de la Loire;44;Golf Blue Green Savenay;Savenay;44260;18;73;M. Gayon;1990;Jaune;5970;137;72.0;0;0;26;4;10;102
Pays de la Loire;44;Golf Blue Green Savenay;Savenay;44260;18;73;M. Gayon;1990;Jaune;5970;137;72.0;0;0;27;4;32;101
Pays de la Loire;44;Golf Blue Green Savenay;Savenay;44260;18;73;M. Gayon;1990;Jaune;5970;137;72.0;0;0;28;4;18;82
Pays de la Loire;44;Golf Blue Green Savenay;Savenay;44260;18;73;M. Gayon;1990;Jaune;5970;137;72.0;0;0;29;4;24;82
Pays de la Loire;44;Golf Blue Green Savenay;Savenay;44260;18;73;M. Gayon;1990;Jaune;5970;137;72.0;0;0;30;3;68;34
Pays de la Loire;44;Golf Blue Green Savenay;Savenay;44260;18;73;M. Gayon;1990;Jaune;5970;137;72.0;0;0;31;4;16;96
Pays de la Loire;44;Golf Blue Green Savenay;Savenay;44260;18;73;M. Gayon;1990;Jaune;5970;137;72.0;0;0;32;4;28;81
Pays de la Loire;44;Golf Blue Green Savenay;Savenay;44260;18;73;M. Gayon;1990;Jaune;5970;137;72.0;0;0;33;4;58;87
Pays de la Loire;44;Golf Blue Green Savenay;Savenay;44260;18;73;M. Gayon;1990;Jaune;5970;137;72.0;0;0;34;4;40;86
Pays de la Loire;44;Golf Blue Green Savenay;Savenay;44260;18;73;M. Gayon;1990;Jaune;5970;137;72.0;0;0;35;4;47;84
Pays de la Loire;44;Golf Blue Green Savenay;Savenay;44260;18;73;M. Gayon;1990;Jaune;5970;137;72.0;0;0;36;4;23;103
Pays de la Loire;44;Golf Blue Green Savenay;Savenay;44260;18;73;M. Gayon;1990;Jaune;5970;137;72.0;0;0;37;4;44;77
Pays de la Loire;44;Golf Blue Green Savenay;Savenay;44260;18;73;M. Gayon;1990;Jaune;5970;137;72.0;0;0;38;4;1;100
Pays de la Loire;44;Golf Blue Green Savenay;Savenay;44260;18;73;M. Gayon;1990;Jaune;5970;137;72.0;0;0;39;4;15;84
Pays de la Loire;44;Golf Blue Green Savenay;Savenay;44260;18;73;M. Gayon;1990;Jaune;5970;137;72.0;0;0;40;4;38;86
Pays de la Loire;44;Golf Blue Green Savenay;Savenay;44260;18;73;M. Gayon;1990;Jaune;5970;137;72.0;0;0;41;4;11;96
Pays de la Loire;44;Golf Blue Green Savenay;Savenay;44260;18;73;M. Gayon;1990;Jaune;5970;137;72.0;0;0;42;4;20;91
Pays de la Loire;44;Golf Blue Green Savenay;Savenay;44260;18;73;M. Gayon;1990;Jaune;5970;137;72.0;0;0;43;4;27;87
Pays de la Loire;44;Golf Blue Green Savenay;Savenay;44260;18;73;M. Gayon;1990;Jaune;5970;137;72.0;0;0;44;4;33;97
Pays de la Loire;44;Golf Blue Green Savenay;Savenay;44260;18;73;M. Gayon;1990;Jaune;5970;137;72.0;0;0;45;3;65;47
Pays de la Loire;44;Golf Blue Green Savenay;Savenay;44260;18;73;M. Gayon;1990;Jaune;5970;137;72.0;0;0;46;3;67;42
Pays de la Loire;44;Golf Blue Green Savenay;Savenay;44260;18;73;M. Gayon;1990;Jaune;5970;137;72.0;0;0;47;4;54;86
Pays de la Loire;44;Golf Blue Green Savenay;Savenay;44260;18;73;M. Gayon;1990;Jaune;5970;137;72.0;0;0;48;4;64;75
Pays de la Loire;44;Golf Blue Green Savenay;Savenay;44260;18;73;M. Gayon;1990;Jaune;5970;137;72.0;0;0;49;4;53;78
Pays de la Loire;44;Golf Blue Green Savenay;Savenay;44260;18;73;M. Gayon;1990;Jaune;5970;137;72.0;0;0;50;4;30;83
Pays de la Loire;44;Golf Blue Green Savenay;Savenay;44260;18;73;M. Gayon;1990;Jaune;5970;137;72.0;0;0;51;3;66;37
Pays de la Loire;44;Golf Blue Green Savenay;Savenay;44260;18;73;M. Gayon;1990;Jaune;5970;137;72.0;0;0;52;4;4;94
Pays de la Loire;44;Golf Blue Green Savenay;Savenay;44260;18;73;M. Gayon;1990;Jaune;5970;137;72.0;0;0;53;4;43;83
Pays de la Loire;44;Golf Blue Green Savenay;Savenay;44260;18;73;M. Gayon;1990;Jaune;5970;137;72.0;0;0;54;4;63;76
Pays de la Loire;44;Golf Blue Green Savenay;Savenay;44260;18;73;M. Gayon;1990;Jaune;5970;137;72.0;0;0;55;4;56;78
Pays de la Loire;44;Golf Blue Green Savenay;Savenay;44260;18;73;M. Gayon;1990;Jaune;5970;137;72.0;0;0;56;4;31;94
Pays de la Loire;44;Golf Blue Green Savenay;Savenay;44260;18;73;M. Gayon;1990;Jaune;5970;137;72.0;0;0;57;4;46;88
Pays de la Loire;44;Golf Blue Green Savenay;Savenay;44260;18;73;M. Gayon;1990;Jaune;5970;137;72.0;0;0;58;4;49;86
Pays de la Loire;44;Golf Blue Green Savenay;Savenay;44260;18;73;M. Gayon;1990;Jaune;5970;137;72.0;0;0;59;4;36;99
Pays de la Loire;44;Golf Blue Green Savenay;Savenay;44260;18;73;M. Gayon;1990;Jaune;5970;137;72.0;0;0;60;4;45;101
Pays de la Loire;44;Golf Blue Green Savenay;Savenay;44260;18;73;M. Gayon;1990;Jaune;5970;137;72.0;0;0;61;4;60;85
Pays de la Loire;44;Golf Blue Green Savenay;Savenay;44260;18;73;M. Gayon;1990;Jaune;5970;137;72.0;0;0;62;4;42;88
Pays de la Loire;44;Golf Blue Green Savenay;Savenay;44260;18;73;M. Gayon;1990;Jaune;5970;137;72.0;0;0;63;4;12;94
Pays de la Loire;44;Golf Blue Green Savenay;Savenay;44260;18;73;M. Gayon;1990;Jaune;5970;137;72.0;0;0;64;4;6;91
Pays de la Loire;44;Golf Blue Green Savenay;Savenay;44260;18;73;M. Gayon;1990;Jaune;5970;137;72.0;0;0;65;4;62;78
Pays de la Loire;44;Golf Blue Green Savenay;Savenay;44260;18;73;M. Gayon;1990;Jaune;5970;137;72.0;0;0;66;4;25;87
Pays de la Loire;44;Golf Blue Green Savenay;Savenay;44260;18;73;M. Gayon;1990;Jaune;5970;137;72.0;0;0;67;4;19;93
Pays de la Loire;44;Golf Blue Green Savenay;Savenay;44260;18;73;M. Gayon;1990;Jaune;5970;137;72.0;0;0;68;4;13;83
Pays de la Loire;44;Golf Blue Green Savenay;Savenay;44260;18;73;M. Gayon;1990;Bleu;5348;133;70.0;133;73.0;1;4;29;92
Pays de la Loire;44;Golf Blue Green Savenay;Savenay;44260;18;73;M. Gayon;1990;Bleu;5348;133;70.0;133;73.0;2;4;59;80
Pays de la Loire;44;Golf Blue Green Savenay;Savenay;44260;18;73;M. Gayon;1990;Bleu;5348;133;70.0;133;73.0;3;4;9;94
Pays de la Loire;44;Golf Blue Green Savenay;Savenay;44260;18;73;M. Gayon;1990;Bleu;5348;133;70.0;133;73.0;4;4;57;83
Pays de la Loire;44;Golf Blue Green Savenay;Savenay;44260;18;73;M. Gayon;1990;Bleu;5348;133;70.0;133;73.0;5;4;3;94
Pays de la Loire;44;Golf Blue Green Savenay;Savenay;44260;18;73;M. Gayon;1990;Bleu;5348;133;70.0;133;73.0;6;4;5;91
Pays de la Loire;44;Golf Blue Green Savenay;Savenay;44260;18;73;M. Gayon;1990;Bleu;5348;133;70.0;133;73.0;7;4;26;97
Pays de la Loire;44;Golf Blue Green Savenay;Savenay;44260;18;73;M. Gayon;1990;Bleu;5348;133;70.0;133;73.0;8;4;14;92
Pays de la Loire;44;Golf Blue Green Savenay;Savenay;44260;18;73;M. Gayon;1990;Bleu;5348;133;70.0;133;73.0;9;4;8;95
Pays de la Loire;44;Golf Blue Green Savenay;Savenay;44260;18;73;M. Gayon;1990;Bleu;5348;133;70.0;133;73.0;10;4;61;77
Pays de la Loire;44;Golf Blue Green Savenay;Savenay;44260;18;73;M. Gayon;1990;Bleu;5348;133;70.0;133;73.0;11;4;41;78
Pays de la Loire;44;Golf Blue Green Savenay;Savenay;44260;18;73;M. Gayon;1990;Bleu;5348;133;70.0;133;73.0;12;4;22;75
Pays de la Loire;44;Golf Blue Green Savenay;Savenay;44260;18;73;M. Gayon;1990;Bleu;5348;133;70.0;133;73.0;13;4;17;94
Pays de la Loire;44;Golf Blue Green Savenay;Savenay;44260;18;73;M. Gayon;1990;Bleu;5348;133;70.0;133;73.0;14;4;39;92
Pays de la Loire;44;Golf Blue Green Savenay;Savenay;44260;18;73;M. Gayon;1990;Bleu;5348;133;70.0;133;73.0;15;4;52;73
Pays de la Loire;44;Golf Blue Green Savenay;Savenay;44260;18;73;M. Gayon;1990;Bleu;5348;133;70.0;133;73.0;16;4;21;82
Pays de la Loire;44;Golf Blue Green Savenay;Savenay;44260;18;73;M. Gayon;1990;Bleu;5348;133;70.0;133;73.0;17;4;55;71
Pays de la Loire;44;Golf Blue Green Savenay;Savenay;44260;18;73;M. Gayon;1990;Bleu;5348;133;70.0;133;73.0;18;4;7;96
Pays de la Loire;44;Golf Blue Green Savenay;Savenay;44260;18;73;M. Gayon;1990;Bleu;5348;133;70.0;133;73.0;19;4;35;84
Pays de la Loire;44;Golf Blue Green Savenay;Savenay;44260;18;73;M. Gayon;1990;Bleu;5348;133;70.0;133;73.0;20;4;37;77
Pays de la Loire;44;Golf Blue Green Savenay;Savenay;44260;18;73;M. Gayon;1990;Bleu;5348;133;70.0;133;73.0;21;4;48;76
Pays de la Loire;44;Golf Blue Green Savenay;Savenay;44260;18;73;M. Gayon;1990;Bleu;5348;133;70.0;133;73.0;22;4;2;95
Pays de la Loire;44;Golf Blue Green Savenay;Savenay;44260;18;73;M. Gayon;1990;Bleu;5348;133;70.0;133;73.0;23;4;51;84
Pays de la Loire;44;Golf Blue Green Savenay;Savenay;44260;18;73;M. Gayon;1990;Bleu;5348;133;70.0;133;73.0;24;4;50;80
Pays de la Loire;44;Golf Blue Green Savenay;Savenay;44260;18;73;M. Gayon;1990;Bleu;5348;133;70.0;133;73.0;25;4;34;79
Pays de la Loire;44;Golf Blue Green Savenay;Savenay;44260;18;73;M. Gayon;1990;Bleu;5348;133;70.0;133;73.0;26;4;10;95
Pays de la Loire;44;Golf Blue Green Savenay;Savenay;44260;18;73;M. Gayon;1990;Bleu;5348;133;70.0;133;73.0;27;4;32;94
Pays de la Loire;44;Golf Blue Green Savenay;Savenay;44260;18;73;M. Gayon;1990;Bleu;5348;133;70.0;133;73.0;28;4;18;77
Pays de la Loire;44;Golf Blue Green Savenay;Savenay;44260;18;73;M. Gayon;1990;Bleu;5348;133;70.0;133;73.0;29;4;24;77
Pays de la Loire;44;Golf Blue Green Savenay;Savenay;44260;18;73;M. Gayon;1990;Bleu;5348;133;70.0;133;73.0;30;3;68;32
Pays de la Loire;44;Golf Blue Green Savenay;Savenay;44260;18;73;M. Gayon;1990;Bleu;5348;133;70.0;133;73.0;31;4;16;90
Pays de la Loire;44;Golf Blue Green Savenay;Savenay;44260;18;73;M. Gayon;1990;Bleu;5348;133;70.0;133;73.0;32;4;28;76
Pays de la Loire;44;Golf Blue Green Savenay;Savenay;44260;18;73;M. Gayon;1990;Bleu;5348;133;70.0;133;73.0;33;4;58;82
Pays de la Loire;44;Golf Blue Green Savenay;Savenay;44260;18;73;M. Gayon;1990;Bleu;5348;133;70.0;133;73.0;34;4;40;80
Pays de la Loire;44;Golf Blue Green Savenay;Savenay;44260;18;73;M. Gayon;1990;Bleu;5348;133;70.0;133;73.0;35;4;47;78
Pays de la Loire;44;Golf Blue Green Savenay;Savenay;44260;18;73;M. Gayon;1990;Bleu;5348;133;70.0;133;73.0;36;4;23;97
Pays de la Loire;44;Golf Blue Green Savenay;Savenay;44260;18;73;M. Gayon;1990;Bleu;5348;133;70.0;133;73.0;37;4;44;72
Pays de la Loire;44;Golf Blue Green Savenay;Savenay;44260;18;73;M. Gayon;1990;Bleu;5348;133;70.0;133;73.0;38;4;1;93
Pays de la Loire;44;Golf Blue Green Savenay;Savenay;44260;18;73;M. Gayon;1990;Bleu;5348;133;70.0;133;73.0;39;4;15;78
Pays de la Loire;44;Golf Blue Green Savenay;Savenay;44260;18;73;M. Gayon;1990;Bleu;5348;133;70.0;133;73.0;40;4;38;80
Pays de la Loire;44;Golf Blue Green Savenay;Savenay;44260;18;73;M. Gayon;1990;Bleu;5348;133;70.0;133;73.0;41;4;11;90
Pays de la Loire;44;Golf Blue Green Savenay;Savenay;44260;18;73;M. Gayon;1990;Bleu;5348;133;70.0;133;73.0;42;4;20;85
Pays de la Loire;44;Golf Blue Green Savenay;Savenay;44260;18;73;M. Gayon;1990;Bleu;5348;133;70.0;133;73.0;43;4;27;82
Pays de la Loire;44;Golf Blue Green Savenay;Savenay;44260;18;73;M. Gayon;1990;Bleu;5348;133;70.0;133;73.0;44;4;33;91
Pays de la Loire;44;Golf Blue Green Savenay;Savenay;44260;18;73;M. Gayon;1990;Bleu;5348;133;70.0;133;73.0;45;3;65;44
Pays de la Loire;44;Golf Blue Green Savenay;Savenay;44260;18;73;M. Gayon;1990;Bleu;5348;133;70.0;133;73.0;46;3;67;40
Pays de la Loire;44;Golf Blue Green Savenay;Savenay;44260;18;73;M. Gayon;1990;Bleu;5348;133;70.0;133;73.0;47;4;54;80
Pays de la Loire;44;Golf Blue Green Savenay;Savenay;44260;18;73;M. Gayon;1990;Bleu;5348;133;70.0;133;73.0;48;4;64;70
Pays de la Loire;44;Golf Blue Green Savenay;Savenay;44260;18;73;M. Gayon;1990;Bleu;5348;133;70.0;133;73.0;49;4;53;73
Pays de la Loire;44;Golf Blue Green Savenay;Savenay;44260;18;73;M. Gayon;1990;Bleu;5348;133;70.0;133;73.0;50;4;30;77
Pays de la Loire;44;Golf Blue Green Savenay;Savenay;44260;18;73;M. Gayon;1990;Bleu;5348;133;70.0;133;73.0;51;3;66;34
Pays de la Loire;44;Golf Blue Green Savenay;Savenay;44260;18;73;M. Gayon;1990;Bleu;5348;133;70.0;133;73.0;52;4;4;88
Pays de la Loire;44;Golf Blue Green Savenay;Savenay;44260;18;73;M. Gayon;1990;Bleu;5348;133;70.0;133;73.0;53;4;43;77
Pays de la Loire;44;Golf Blue Green Savenay;Savenay;44260;18;73;M. Gayon;1990;Bleu;5348;133;70.0;133;73.0;54;4;63;71
Pays de la Loire;44;Golf Blue Green Savenay;Savenay;44260;18;73;M. Gayon;1990;Bleu;5348;133;70.0;133;73.0;55;4;56;73
Pays de la Loire;44;Golf Blue Green Savenay;Savenay;44260;18;73;M. Gayon;1990;Bleu;5348;133;70.0;133;73.0;56;4;31;88
Pays de la Loire;44;Golf Blue Green Savenay;Savenay;44260;18;73;M. Gayon;1990;Bleu;5348;133;70.0;133;73.0;57;4;46;83
Pays de la Loire;44;Golf Blue Green Savenay;Savenay;44260;18;73;M. Gayon;1990;Bleu;5348;133;70.0;133;73.0;58;4;49;80
Pays de la Loire;44;Golf Blue Green Savenay;Savenay;44260;18;73;M. Gayon;1990;Bleu;5348;133;70.0;133;73.0;59;4;36;92
Pays de la Loire;44;Golf Blue Green Savenay;Savenay;44260;18;73;M. Gayon;1990;Bleu;5348;133;70.0;133;73.0;60;4;45;94
Pays de la Loire;44;Golf Blue Green Savenay;Savenay;44260;18;73;M. Gayon;1990;Bleu;5348;133;70.0;133;73.0;61;4;60;79
Pays de la Loire;44;Golf Blue Green Savenay;Savenay;44260;18;73;M. Gayon;1990;Bleu;5348;133;70.0;133;73.0;62;4;42;83
Pays de la Loire;44;Golf Blue Green Savenay;Savenay;44260;18;73;M. Gayon;1990;Bleu;5348;133;70.0;133;73.0;63;4;12;88
Pays de la Loire;44;Golf Blue Green Savenay;Savenay;44260;18;73;M. Gayon;1990;Bleu;5348;133;70.0;133;73.0;64;4;6;85
Pays de la Loire;44;Golf Blue Green Savenay;Savenay;44260;18;73;M. Gayon;1990;Bleu;5348;133;70.0;133;73.0;65;4;62;73
Pays de la Loire;44;Golf Blue Green Savenay;Savenay;44260;18;73;M. Gayon;1990;Bleu;5348;133;70.0;133;73.0;66;4;25;82
Pays de la Loire;44;Golf Blue Green Savenay;Savenay;44260;18;73;M. Gayon;1990;Bleu;5348;133;70.0;133;73.0;67;4;19;87
Pays de la Loire;44;Golf Blue Green Savenay;Savenay;44260;18;73;M. Gayon;1990;Bleu;5348;133;70.0;133;73.0;68;4;13;77
Pays de la Loire;44;Golf Blue Green Le Croisic;Le Croisic;44490;18;71;M. Gayon;1990;Blanc;5544;133;70.3;135;73.5;1;4;39;82
Pays de la Loire;44;Golf Blue Green Le Croisic;Le Croisic;44490;18;71;M. Gayon;1990;Blanc;5544;133;70.3;135;73.5;2;4;31;80
Pays de la Loire;44;Golf Blue Green Le Croisic;Le Croisic;44490;18;71;M. Gayon;1990;Blanc;5544;133;70.3;135;73.5;3;4;25;86
Pays de la Loire;44;Golf Blue Green Le Croisic;Le Croisic;44490;18;71;M. Gayon;1990;Blanc;5544;133;70.3;135;73.5;4;4;42;84
Pays de la Loire;44;Golf Blue Green Le Croisic;Le Croisic;44490;18;71;M. Gayon;1990;Blanc;5544;133;70.3;135;73.5;5;4;19;83
Pays de la Loire;44;Golf Blue Green Le Croisic;Le Croisic;44490;18;71;M. Gayon;1990;Blanc;5544;133;70.3;135;73.5;6;4;51;72
Pays de la Loire;44;Golf Blue Green Le Croisic;Le Croisic;44490;18;71;M. Gayon;1990;Blanc;5544;133;70.3;135;73.5;7;4;41;76
Pays de la Loire;44;Golf Blue Green Le Croisic;Le Croisic;44490;18;71;M. Gayon;1990;Blanc;5544;133;70.3;135;73.5;8;4;9;95
Pays de la Loire;44;Golf Blue Green Le Croisic;Le Croisic;44490;18;71;M. Gayon;1990;Blanc;5544;133;70.3;135;73.5;9;4;35;83
Pays de la Loire;44;Golf Blue Green Le Croisic;Le Croisic;44490;18;71;M. Gayon;1990;Blanc;5544;133;70.3;135;73.5;10;4;22;82
Pays de la Loire;44;Golf Blue Green Le Croisic;Le Croisic;44490;18;71;M. Gayon;1990;Blanc;5544;133;70.3;135;73.5;11;3;66;45
Pays de la Loire;44;Golf Blue Green Le Croisic;Le Croisic;44490;18;71;M. Gayon;1990;Blanc;5544;133;70.3;135;73.5;12;4;38;93
Pays de la Loire;44;Golf Blue Green Le Croisic;Le Croisic;44490;18;71;M. Gayon;1990;Blanc;5544;133;70.3;135;73.5;13;4;10;88
Pays de la Loire;44;Golf Blue Green Le Croisic;Le Croisic;44490;18;71;M. Gayon;1990;Blanc;5544;133;70.3;135;73.5;14;4;50;91
Pays de la Loire;44;Golf Blue Green Le Croisic;Le Croisic;44490;18;71;M. Gayon;1990;Blanc;5544;133;70.3;135;73.5;15;4;30;70
Pays de la Loire;44;Golf Blue Green Le Croisic;Le Croisic;44490;18;71;M. Gayon;1990;Blanc;5544;133;70.3;135;73.5;16;4;37;96
Pays de la Loire;44;Golf Blue Green Le Croisic;Le Croisic;44490;18;71;M. Gayon;1990;Blanc;5544;133;70.3;135;73.5;17;4;17;93
Pays de la Loire;44;Golf Blue Green Le Croisic;Le Croisic;44490;18;71;M. Gayon;1990;Blanc;5544;133;70.3;135;73.5;18;3;68;40
Pays de la Loire;44;Golf Blue Green Le Croisic;Le Croisic;44490;18;71;M. Gayon;1990;Blanc;5544;133;70.3;135;73.5;19;4;61;81
Pays de la Loire;44;Golf Blue Green Le Croisic;Le Croisic;44490;18;71;M. Gayon;1990;Blanc;5544;133;70.3;135;73.5;20;4;60;85
Pays de la Loire;44;Golf Blue Green Le Croisic;Le Croisic;44490;18;71;M. Gayon;1990;Blanc;5544;133;70.3;135;73.5;21;4;64;70
Pays de la Loire;44;Golf Blue Green Le Croisic;Le Croisic;44490;18;71;M. Gayon;1990;Blanc;5544;133;70.3;135;73.5;22;4;43;81
Pays de la Loire;44;Golf Blue Green Le Croisic;Le Croisic;44490;18;71;M. Gayon;1990;Blanc;5544;133;70.3;135;73.5;23;4;54;79
Pays de la Loire;44;Golf Blue Green Le Croisic;Le Croisic;44490;18;71;M. Gayon;1990;Blanc;5544;133;70.3;135;73.5;24;4;47;93
Pays de la Loire;44;Golf Blue Green Le Croisic;Le Croisic;44490;18;71;M. Gayon;1990;Blanc;5544;133;70.3;135;73.5;25;4;7;82
Pays de la Loire;44;Golf Blue Green Le Croisic;Le Croisic;44490;18;71;M. Gayon;1990;Blanc;5544;133;70.3;135;73.5;26;4;27;96
Pays de la Loire;44;Golf Blue Green Le Croisic;Le Croisic;44490;18;71;M. Gayon;1990;Blanc;5544;133;70.3;135;73.5;27;4;21;95
Pays de la Loire;44;Golf Blue Green Le Croisic;Le Croisic;44490;18;71;M. Gayon;1990;Blanc;5544;133;70.3;135;73.5;28;4;53;83
Pays de la Loire;44;Golf Blue Green Le Croisic;Le Croisic;44490;18;71;M. Gayon;1990;Blanc;5544;133;70.3;135;73.5;29;4;15;86
Pays de la Loire;44;Golf Blue Green Le Croisic;Le Croisic;44490;18;71;M. Gayon;1990;Blanc;5544;133;70.3;135;73.5;30;4;34;93
Pays de la Loire;44;Golf Blue Green Le Croisic;Le Croisic;44490;18;71;M. Gayon;1990;Blanc;5544;133;70.3;135;73.5;31;4;3;92
Pays de la Loire;44;Golf Blue Green Le Croisic;Le Croisic;44490;18;71;M. Gayon;1990;Blanc;5544;133;70.3;135;73.5;32;4;36;86
Pays de la Loire;44;Golf Blue Green Le Croisic;Le Croisic;44490;18;71;M. Gayon;1990;Blanc;5544;133;70.3;135;73.5;33;4;5;94
Pays de la Loire;44;Golf Blue Green Le Croisic;Le Croisic;44490;18;71;M. Gayon;1990;Blanc;5544;133;70.3;135;73.5;34;4;29;88
Pays de la Loire;44;Golf Blue Green Le Croisic;Le Croisic;44490;18;71;M. Gayon;1990;Blanc;5544;133;70.3;135;73.5;35;4;33;77
Pays de la Loire;44;Golf Blue Green Le Croisic;Le Croisic;44490;18;71;M. Gayon;1990;Blanc;5544;133;70.3;135;73.5;36;4;46;85
Pays de la Loire;44;Golf Blue Green Le Croisic;Le Croisic;44490;18;71;M. Gayon;1990;Blanc;5544;133;70.3;135;73.5;37;4;16;77
Pays de la Loire;44;Golf Blue Green Le Croisic;Le Croisic;44490;18;71;M. Gayon;1990;Blanc;5544;133;70.3;135;73.5;38;4;14;78
Pays de la Loire;44;Golf Blue Green Le Croisic;Le Croisic;44490;18;71;M. Gayon;1990;Blanc;5544;133;70.3;135;73.5;39;4;57;83
Pays de la Loire;44;Golf Blue Green Le Croisic;Le Croisic;44490;18;71;M. Gayon;1990;Blanc;5544;133;70.3;135;73.5;40;4;45;85
Pays de la Loire;44;Golf Blue Green Le Croisic;Le Croisic;44490;18;71;M. Gayon;1990;Blanc;5544;133;70.3;135;73.5;41;4;56;71
Pays de la Loire;44;Golf Blue Green Le Croisic;Le Croisic;44490;18;71;M. Gayon;1990;Blanc;5544;133;70.3;135;73.5;42;4;58;82
Pays de la Loire;44;Golf Blue Green Le Croisic;Le Croisic;44490;18;71;M. Gayon;1990;Blanc;5544;133;70.3;135;73.5;43;4;13;80
Pays de la Loire;44;Golf Blue Green Le Croisic;Le Croisic;44490;18;71;M. Gayon;1990;Blanc;5544;133;70.3;135;73.5;44;4;52;90
Pays de la Loire;44;Golf Blue Green Le Croisic;Le Croisic;44490;18;71;M. Gayon;1990;Blanc;5544;133;70.3;135;73.5;45;4;20;91
Pays de la Loire;44;Golf Blue Green Le Croisic;Le Croisic;44490;18;71;M. Gayon;1990;Blanc;5544;133;70.3;135;73.5;46;4;1;94
Pays de la Loire;44;Golf Blue Green Le Croisic;Le Croisic;44490;18;71;M. Gayon;1990;Blanc;5544;133;70.3;135;73.5;47;3;65;37
Pays de la Loire;44;Golf Blue Green Le Croisic;Le Croisic;44490;18;71;M. Gayon;1990;Blanc;5544;133;70.3;135;73.5;48;4;12;92
Pays de la Loire;44;Golf Blue Green Le Croisic;Le Croisic;44490;18;71;M. Gayon;1990;Blanc;5544;133;70.3;135;73.5;49;4;59;75
Pays de la Loire;44;Golf Blue Green Le Croisic;Le Croisic;44490;18;71;M. Gayon;1990;Blanc;5544;133;70.3;135;73.5;50;4;32;96
Pays de la Loire;44;Golf Blue Green Le Croisic;Le Croisic;44490;18;71;M. Gayon;1990;Blanc;5544;133;70.3;135;73.5;51;4;6;84
Pays de la Loire;44;Golf Blue Green Le Croisic;Le Croisic;44490;18;71;M. Gayon;1990;Blanc;5544;133;70.3;135;73.5;52;4;18;74
Pays de la Loire;44;Golf Blue Green Le Croisic;Le Croisic;44490;18;71;M. Gayon;1990;Blanc;5544;133;70.3;135;73.5;53;4;28;89
Pays de la Loire;44;Golf Blue Green Le Croisic;Le Croisic;44490;18;71;M. Gayon;1990;Blanc;5544;133;70.3;135;73.5;54;4;49;86
Pays de la Loire;44;Golf Blue Green Le Croisic;Le Croisic;44490;18;71;M. Gayon;1990;Blanc;5544;133;70.3;135;73.5;55;4;55;71
Pays de la Loire;44;Golf Blue Green Le Croisic;Le Croisic;44490;18;71;M. Gayon;1990;Blanc;5544;133;70.3;135;73.5;56;4;8;82
Pays de la Loire;44;Golf Blue Green Le Croisic;Le Croisic;44490;18;71;M. Gayon;1990;Blanc;5544;133;70.3;135;73.5;57;4;44;88
Pays de la Loire;44;Golf Blue Green Le Croisic;Le Croisic;44490;18;71;M. Gayon;1990;Blanc;5544;133;70.3;135;73.5;58;4;4;87
Pays de la Loire;44;Golf Blue Green Le Croisic;Le Croisic;44490;18;71;M. Gayon;1990;Blanc;5544;133;70.3;135;73.5;59;4;48;90
Pays de la Loire;44;Golf Blue Green Le Croisic;Le Croisic;44490;18;71;M. Gayon;1990;Blanc;5544;133;70.3;135;73.5;60;3;67;32
Pays de la Loire;44;Golf Blue Green Le Croisic;Le Croisic;44490;18;71;M. Gayon;1990;Blanc;5544;133;70.3;135;73.5;61;4;24;72
Pays de la Loire;44;Golf Blue Green Le Croisic;Le Croisic;44490;18;71;M. Gayon;1990;Blanc;5544;133;70.3;135;73.5;62;4;11;90
Pays de la Loire;44;Golf Blue Green Le Croisic;Le Croisic;44490;18;71;M. Gayon;1990;Blanc;5544;133;70.3;135;73.5;63;4;23;83
Pays de la Loire;44;Golf Blue Green Le Croisic;Le Croisic;44490;18;71;M. Gayon;1990;Blanc;5544;133;70.3;135;73.5;64;4;62;74
Pays de la Loire;44;Golf Blue Green Le Croisic;Le Croisic;44490;18;71;M. Gayon;1990;Blanc;5544;133;70.3;135;73.5;65;4;2;96
Pays de la Loire;44;Golf Blue Green Le Croisic;Le Croisic;44490;18;71;M. Gayon;1990;Blanc;5544;133;70.3;135;73.5;66;4;26;84
Pays de la Loire;44;Golf Blue Green Le Croisic;Le Croisic;44490;18;71;M. Gayon;1990;Blanc;5544;133;70.3;135;73.5;67;4;63;75
Pays de la Loire;44;Golf Blue Green Le Croisic;Le Croisic;44490;18;71;M. Gayon;1990;Blanc;5544;133;70.3;135;73.5;68;4;40;71
Pays de la Loire;44;Golf Blue Green Le Croisic;Le Croisic;44490;18;71;M. Gayon;1990;Jaune;5204;128;68.5;130;71.5;1;4;39;77
Pays de la Loire;44;Golf Blue Green Le Croisic;Le Croisic;44490;18;71;M. Gayon;1990;Jaune;5204;128;68.5;130;71.5;2;4;31;75
Pays de la Loire;44;Golf Blue Green Le Croisic;Le Croisic;44490;18;71;M. Gayon;1990;Jaune;5204;128;68.5;130;71.5;3;4;25;81
Pays de la Loire;44;Golf Blue Green Le Croisic;Le Croisic;44490;18;71;M. Gayon;1990;Jaune;5204;128;68.5;130;71.5;4;4;42;79
Pays de la Loire;44;Golf Blue Green Le Croisic;Le Croisic;44490;18;71;M. Gayon;1990;Jaune;5204;128;68.5;130;71.5;5;4;19;78
Pays de la Loire;44;Golf Blue Green Le Croisic;Le Croisic;44490;18;71;M. Gayon;1990;Jaune;5204;128;68.5;130;71.5;6;4;51;68
Pays de la Loire;44;Golf Blue Green Le Croisic;Le Croisic;44490;18;71;M. Gayon;1990;Jaune;5204;128;68.5;130;71.5;7;4;41;71
Pays de la Loire;44;Golf Blue Green Le Croisic;Le Croisic;44490;18;71;M. Gayon;1990;Jaune;5204;128;68.5;130;71.5;8;4;9;89
Pays de la Loire;44;Golf Blue Green Le Croisic;Le Croisic;44490;18;71;M. Gayon;1990;Jaune;5204;128;68.5;130;71.5;9;4;35;78
Pays de la Loire;44;Golf Blue Green Le Croisic;Le Croisic;44490;18;71;M. Gayon;1990;Jaune;5204;128;68.5;130;71.5;10;4;22;77
Pays de la Loire;44;Golf Blue Green Le Croisic;Le Croisic;44490;18;71;M. Gayon;1990;Jaune;5204;128;68.5;130;71.5;11;3;66;42
Pays de la Loire;44;Golf Blue Green Le Croisic;Le Croisic;44490;18;71;M. Gayon;1990;Jaune;5204;128;68.5;130;71.5;12;4;38;87
Pays de la Loire;44;Golf Blue Green Le Croisic;Le Croisic;44490;18;71;M. Gayon;1990;Jaune;5204;128;68.5;130;71.5;13;4;10;83
Pays de la Loire;44;Golf Blue Green Le Croisic;Le Croisic;44490;18;71;M. Gayon;1990;Jaune;5204;128;68.5;130;71.5;14;4;50;86
Pays de la Loire;44;Golf Blue Green Le Croisic;Le Croisic;44490;18;71;M. Gayon;1990;Jaune;5204;128;68.5;130;71.5;15;4;30;66
Pays de la Loire;44;Golf Blue Green Le Croisic;Le Croisic;44490;18;71;M. Gayon;1990;Jaune;5204;128;68.5;130;71.5;16;4;37;90
Pays de la Loire;44;Golf Blue Green Le Croisic;Le Croisic;44490;18;71;M. Gayon;1990;Jaune;5204;128;68.5;130;71.5;17;4;17;87
Pays de la Loire;44;Golf Blue Green Le Croisic;Le Croisic;44490;18;71;M. Gayon;1990;Jaune;5204;128;68.5;130;71.5;18;3;68;38
Pays de la Loire;44;Golf Blue Green Le Croisic;Le Croisic;44490;18;71;M. Gayon;1990;Jaune;5204;128;68.5;130;71.5;19;4;61;76
Pays de la Loire;44;Golf Blue Green Le Croisic;Le Croisic;44490;18;71;M. Gayon;1990;Jaune;5204;128;68.5;130;71.5;20;4;60;80
Pays de la Loire;44;Golf Blue Green Le Croisic;Le Croisic;44490;18;71;M. Gayon;1990;Jaune;5204;128;68.5;130;71.5;21;4;64;66
Pays de la Loire;44;Golf Blue Green Le Croisic;Le Croisic;44490;18;71;M. Gayon;1990;Jaune;5204;128;68.5;130;71.5;22;4;43;76
Pays de la Loire;44;Golf Blue Green Le Croisic;Le Croisic;44490;18;71;M. Gayon;1990;Jaune;5204;128;68.5;130;71.5;23;4;54;74
Pays de la Loire;44;Golf Blue Green Le Croisic;Le Croisic;44490;18;71;M. Gayon;1990;Jaune;5204;128;68.5;130;71.5;24;4;47;87
Pays de la Loire;44;Golf Blue Green Le Croisic;Le Croisic;44490;18;71;M. Gayon;1990;Jaune;5204;128;68.5;130;71.5;25;4;7;77
Pays de la Loire;44;Golf Blue Green Le Croisic;Le Croisic;44490;18;71;M. Gayon;1990;Jaune;5204;128;68.5;130;71.5;26;4;27;90
Pays de la Loire;44;Golf Blue Green Le Croisic;Le Croisic;44490;18;71;M. Gayon;1990;Jaune;5204;128;68.5;130;71.5;27;4;21;89
Pays de la Loire;44;Golf Blue Green Le Croisic;Le Croisic;44490;18;71;M. Gayon;1990;Jaune;5204;128;68.5;130;71.5;28;4;53;78
Pays de la Loire;44;Golf Blue Green Le Croisic;Le Croisic;44490;18;71;M. Gayon;1990;Jaune;5204;128;68.5;130;71.5;29;4;15;81
Pays de la Loire;44;Golf Blue Green Le Croisic;Le Croisic;44490;18;71;M. Gayon;1990;Jaune;5204;128;68.5;130;71.5;30;4;34;87
Pays de la Loire;44;Golf Blue Green Le Croisic;Le Croisic;44490;18;71;M. Gayon;1990;Jaune;5204;128;68.5;130;71.5;31;4;3;86
Pays de la Loire;44;Golf Blue Green Le Croisic;Le Croisic;44490;18;71;M. Gayon;1990;Jaune;5204;128;68.5;130;71.5;32;4;36;81
Pays de la Loire;44;Golf Blue Green Le Croisic;Le Croisic;44490;18;71;M. Gayon;1990;Jaune;5204;128;68.5;130;71.5;33;4;5;88
Pays de la Loire;44;Golf Blue Green Le Croisic;Le Croisic;44490;18;71;M. Gayon;1990;Jaune;5204;128;68.5;130;71.5;34;4;29;83
Pays de la Loire;44;Golf Blue Green Le Croisic;Le Croisic;44490;18;71;M. Gayon;1990;Jaune;5204;128;68.5;130;71.5;35;4;33;72
Pays de la Loire;44;Golf Blue Green Le Croisic;Le Croisic;44490;18;71;M. Gayon;1990;Jaune;5204;128;68.5;130;71.5;36;4;46;80
Pays de la Loire;44;Golf Blue Green Le Croisic;Le Croisic;44490;18;71;M. Gayon;1990;Jaune;5204;128;68.5;130;71.5;37;4;16;72
Pays de la Loire;44;Golf Blue Green Le Croisic;Le Croisic;44490;18;71;M. Gayon;1990;Jaune;5204;128;68.5;130;71.5;38;4;14;73
Pays de la Loire;44;Golf Blue Green Le Croisic;Le Croisic;44490;18;71;M. Gayon;1990;Jaune;5204;128;68.5;130;71.5;39;4;57;78
Pays de la Loire;44;Golf Blue Green Le Croisic;Le Croisic;44490;18;71;M. Gayon;1990;Jaune;5204;128;68.5;130;71.5;40;4;45;80
Pays de la Loire;44;Golf Blue Green Le Croisic;Le Croisic;44490;18;71;M. Gayon;1990;Jaune;5204;128;68.5;130;71.5;41;4;56;67
Pays de la Loire;44;Golf Blue Green Le Croisic;Le Croisic;44490;18;71;M. Gayon;1990;Jaune;5204;128;68.5;130;71.5;42;4;58;77
Pays de la Loire;44;Golf Blue Green Le Croisic;Le Croisic;44490;18;71;M. Gayon;1990;Jaune;5204;128;68.5;130;71.5;43;4;13;75
Pays de la Loire;44;Golf Blue Green Le Croisic;Le Croisic;44490;18;71;M. Gayon;1990;Jaune;5204;128;68.5;130;71.5;44;4;52;85
Pays de la Loire;44;Golf Blue Green Le Croisic;Le Croisic;44490;18;71;M. Gayon;1990;Jaune;5204;128;68.5;130;71.5;45;4;20;86
Pays de la Loire;44;Golf Blue Green Le Croisic;Le Croisic;44490;18;71;M. Gayon;1990;Jaune;5204;128;68.5;130;71.5;46;4;1;88
Pays de la Loire;44;Golf Blue Green Le Croisic;Le Croisic;44490;18;71;M. Gayon;1990;Jaune;5204;128;68.5;130;71.5;47;3;65;35
Pays de la Loire;44;Golf Blue Green Le Croisic;Le Croisic;44490;18;71;M. Gayon;1990;Jaune;5204;128;68.5;130;71.5;48;4;12;86
Pays de la Loire;44;Golf Blue Green Le Croisic;Le Croisic;44490;18;71;M. Gayon;1990;Jaune;5204;128;68.5;130;71.5;49;4;59;70
Pays de la Loire;44;Golf Blue Green Le Croisic;Le Croisic;44490;18;71;M. Gayon;1990;Jaune;5204;128;68.5;130;71.5;50;4;32;90
Pays de la Loire;44;Golf Blue Green Le Croisic;Le Croisic;44490;18;71;M. Gayon;1990;Jaune;5204;128;68.5;130;71.5;51;4;6;79
Pays de la Loire;44;Golf Blue Green Le Croisic;Le Croisic;44490;18;71;M. Gayon;1990;Jaune;5204;128;68.5;130;71.5;52;4;18;70
Pays de la Loire;44;Golf Blue Green Le Croisic;Le Croisic;44490;18;71;M. Gayon;1990;Jaune;5204;128;68.5;130;71.5;53;4;28;84
Pays de la Loire;44;Golf Blue Green Le Croisic;Le Croisic;44490;18;71;M. Gayon;1990;Jaune;5204;128;68.5;130;71.5;54;4;49;81
Pays de la Loire;44;Golf Blue Green Le Croisic;Le Croisic;44490;18;71;M. Gayon;1990;Jaune;5204;128;68.5;130;71.5;55;4;55;67
Pays de la Loire;44;Golf Blue Green Le Croisic;Le Croisic;44490;18;71;M. Gayon;1990;Jaune;5204;128;68.5;130;71.5;56;4;8;77
Pays de la Loire;44;Golf Blue Green Le Croisic;Le Croisic;44490;18;71;M. Gayon;1990;Jaune;5204;128;68.5;130;71.5;57;4;44;83
Pays de la Loire;44;Golf Blue Green Le Croisic;Le Croisic;44490;18;71;M. Gayon;1990;Jaune;5204;128;68.5;130;71.5;58;4;4;82
Pays de la Loire;44;Golf Blue Green Le Croisic;Le Croisic;44490;18;71;M. Gayon;1990;Jaune;5204;128;68.5;130;71.5;59;4;48;85
Pays de la Loire;44;Golf Blue Green Le Croisic;Le Croisic;44490;18;71;M. Gayon;1990;Jaune;5204;128;68.5;130;71.5;60;3;67;30
Pays de la Loire;44;Golf Blue Green Le Croisic;Le Croisic;44490;18;71;M. Gayon;1990;Jaune;5204;128;68.5;130;71.5;61;4;24;68
Pays de la Loire;44;Golf Blue Green Le Croisic;Le Croisic;44490;18;71;M. Gayon;1990;Jaune;5204;128;68.5;130;71.5;62;4;11;85
Pays de la Loire;44;Golf Blue Green Le Croisic;Le Croisic;44490;18;71;M. Gayon;1990;Jaune;5204;128;68.5;130;71.5;63;4;23;78
Pays de la Loire;44;Golf Blue Green Le Croisic;Le Croisic;44490;18;71;M. Gayon;1990;Jaune;5204;128;68.5;130;71.5;64;4;62;70
Pays de la Loire;44;Golf Blue Green Le Croisic;Le Croisic;44490;18;71;M. Gayon;1990;Jaune;5204;128;68.5;130;71.5;65;4;2;90
Pays de la Loire;44;Golf Blue Green Le Croisic;Le Croisic;44490;18;71;M. Gayon;1990;Jaune;5204;128;68.5;130;71.5;66;4;26;79
Pays de la Loire;44;Golf Blue Green Le Croisic;Le Croisic;44490;18;71;M. Gayon;1990;Jaune;5204;128;68.5;130;71.5;67;4;63;70
Pays de la Loire;44;Golf Blue Green Le Croisic;Le Croisic;44490;18;71;M. Gayon;1990;Jaune;5204;128;68.5;130;71.5;68;4;40;67
Pays de la Loire;44;Golf Blue Green Le Croisic;Le Croisic;44490;18;71;M. Gayon;1990;Bleu;4730;121;66.5;123;69.0;1;4;39;72
Pays de la Loire;44;Golf Blue Green Le Croisic;Le Croisic;44490;18;71;M. Gayon;1990;Bleu;4730;121;66.5;123;69.0;2;4;31;70
Pays de la Loire;44;Golf Blue Green Le Croisic;Le Croisic;44490;18;71;M. Gayon;1990;Bleu;4730;121;66.5;123;69.0;3;4;25;76
Pays de la Loire;44;Golf Blue Green Le Croisic;Le Croisic;44490;18;71;M. Gayon;1990;Bleu;4730;121;66.5;123;69.0;4;4;42;74
Pays de la Loire;44;Golf Blue Green Le Croisic;Le Croisic;44490;18;71;M. Gayon;1990;Bleu;4730;121;66.5;123;69.0;5;4;19;73
Pays de la Loire;44;Golf Blue Green Le Croisic;Le Croisic;44490;18;71;M. Gayon;1990;Bleu;4730;121;66.5;123;69.0;6;4;51;63
Pays de la Loire;44;Golf Blue Green Le Croisic;Le Croisic;44490;18;71;M. Gayon;1990;Bleu;4730;121;66.5;123;69.0;7;4;41;67
Pays de la Loire;44;Golf Blue Green Le Croisic;Le Croisic;44490;18;71;M. Gayon;1990;Bleu;4730;121;66.5;123;69.0;8;4;9;84
Pays de la Loire;44;Golf Blue Green Le Croisic;Le Croisic;44490;18;71;M. Gayon;1990;Bleu;4730;121;66.5;123;69.0;9;4;35;73
Pays de la Loire;44;Golf Blue Green Le Croisic;Le Croisic;44490;18;71;M. Gayon;1990;Bleu;4730;121;66.5;123;69.0;10;4;22;72
Pays de la Loire;44;Golf Blue Green Le Croisic;Le Croisic;44490;18;71;M. Gayon;1990;Bleu;4730;121;66.5;123;69.0;11;3;66;40
Pays de la Loire;44;Golf Blue Green Le Croisic;Le Croisic;44490;18;71;M. Gayon;1990;Bleu;4730;121;66.5;123;69.0;12;4;38;82
Pays de la Loire;44;Golf Blue Green Le Croisic;Le Croisic;44490;18;71;M. Gayon;1990;Bleu;4730;121;66.5;123;69.0;13;4;10;77
Pays de la Loire;44;Golf Blue Green Le Croisic;Le Croisic;44490;18;71;M. Gayon;1990;Bleu;4730;121;66.5;123;69.0;14;4;50;80
Pays de la Loire;44;Golf Blue Green Le Croisic;Le Croisic;44490;18;71;M. Gayon;1990;Bleu;4730;121;66.5;123;69.0;15;4;30;62
Pays de la Loire;44;Golf Blue Green Le Croisic;Le Croisic;44490;18;71;M. Gayon;1990;Bleu;4730;121;66.5;123;69.0;16;4;37;84
Pays de la Loire;44;Golf Blue Green Le Croisic;Le Croisic;44490;18;71;M. Gayon;1990;Bleu;4730;121;66.5;123;69.0;17;4;17;82
Pays de la Loire;44;Golf Blue Green Le Croisic;Le Croisic;44490;18;71;M. Gayon;1990;Bleu;4730;121;66.5;123;69.0;18;3;68;35
Pays de la Loire;44;Golf Blue Green Le Croisic;Le Croisic;44490;18;71;M. Gayon;1990;Bleu;4730;121;66.5;123;69.0;19;4;61;71
Pays de la Loire;44;Golf Blue Green Le Croisic;Le Croisic;44490;18;71;M. Gayon;1990;Bleu;4730;121;66.5;123;69.0;20;4;60;75
Pays de la Loire;44;Golf Blue Green Le Croisic;Le Croisic;44490;18;71;M. Gayon;1990;Bleu;4730;121;66.5;123;69.0;21;4;64;62
Pays de la Loire;44;Golf Blue Green Le Croisic;Le Croisic;44490;18;71;M. Gayon;1990;Bleu;4730;121;66.5;123;69.0;22;4;43;71
Pays de la Loire;44;Golf Blue Green Le Croisic;Le Croisic;44490;18;71;M. Gayon;1990;Bleu;4730;121;66.5;123;69.0;23;4;54;70
Pays de la Loire;44;Golf Blue Green Le Croisic;Le Croisic;44490;18;71;M. Gayon;1990;Bleu;4730;121;66.5;123;69.0;24;4;47;82
Pays de la Loire;44;Golf Blue Green Le Croisic;Le Croisic;44490;18;71;M. Gayon;1990;Bleu;4730;121;66.5;123;69.0;25;4;7;72
Pays de la Loire;44;Golf Blue Green Le Croisic;Le Croisic;44490;18;71;M. Gayon;1990;Bleu;4730;121;66.5;123;69.0;26;4;27;84
Pays de la Loire;44;Golf Blue Green Le Croisic;Le Croisic;44490;18;71;M. Gayon;1990;Bleu;4730;121;66.5;123;69.0;27;4;21;84
Pays de la Loire;44;Golf Blue Green Le Croisic;Le Croisic;44490;18;71;M. Gayon;1990;Bleu;4730;121;66.5;123;69.0;28;4;53;73
Pays de la Loire;44;Golf Blue Green Le Croisic;Le Croisic;44490;18;71;M. Gayon;1990;Bleu;4730;121;66.5;123;69.0;29;4;15;76
Pays de la Loire;44;Golf Blue Green Le Croisic;Le Croisic;44490;18;71;M. Gayon;1990;Bleu;4730;121;66.5;123;69.0;30;4;34;82
Pays de la Loire;44;Golf Blue Green Le Croisic;Le Croisic;44490;18;71;M. Gayon;1990;Bleu;4730;121;66.5;123;69.0;31;4;3;81
Pays de la Loire;44;Golf Blue Green Le Croisic;Le Croisic;44490;18;71;M. Gayon;1990;Bleu;4730;121;66.5;123;69.0;32;4;36;76
Pays de la Loire;44;Golf Blue Green Le Croisic;Le Croisic;44490;18;71;M. Gayon;1990;Bleu;4730;121;66.5;123;69.0;33;4;5;83
Pays de la Loire;44;Golf Blue Green Le Croisic;Le Croisic;44490;18;71;M. Gayon;1990;Bleu;4730;121;66.5;123;69.0;34;4;29;77
Pays de la Loire;44;Golf Blue Green Le Croisic;Le Croisic;44490;18;71;M. Gayon;1990;Bleu;4730;121;66.5;123;69.0;35;4;33;68
Pays de la Loire;44;Golf Blue Green Le Croisic;Le Croisic;44490;18;71;M. Gayon;1990;Bleu;4730;121;66.5;123;69.0;36;4;46;75
Pays de la Loire;44;Golf Blue Green Le Croisic;Le Croisic;44490;18;71;M. Gayon;1990;Bleu;4730;121;66.5;123;69.0;37;4;16;68
Pays de la Loire;44;Golf Blue Green Le Croisic;Le Croisic;44490;18;71;M. Gayon;1990;Bleu;4730;121;66.5;123;69.0;38;4;14;69
Pays de la Loire;44;Golf Blue Green Le Croisic;Le Croisic;44490;18;71;M. Gayon;1990;Bleu;4730;121;66.5;123;69.0;39;4;57;73
Pays de la Loire;44;Golf Blue Green Le Croisic;Le Croisic;44490;18;71;M. Gayon;1990;Bleu;4730;121;66.5;123;69.0;40;4;45;75
Pays de la Loire;44;Golf Blue Green Le Croisic;Le Croisic;44490;18;71;M. Gayon;1990;Bleu;4730;121;66.5;123;69.0;41;4;56;62
Pays de la Loire;44;Golf Blue Green Le Croisic;Le Croisic;44490;18;71;M. Gayon;1990;Bleu;4730;121;66.5;123;69.0;42;4;58;72
Pays de la Loire;44;Golf Blue Green Le Croisic;Le Croisic;44490;18;71;M. Gayon;1990;Bleu;4730;121;66.5;123;69.0;43;4;13;70
Pays de la Loire;44;Golf Blue Green Le Croisic;Le Croisic;44490;18;71;M. Gayon;1990;Bleu;4730;121;66.5;123;69.0;44;4;52;79
Pays de la Loire;44;Golf Blue Green Le Croisic;Le Croisic;44490;18;71;M. Gayon;1990;Bleu;4730;121;66.5;123;69.0;45;4;20;80
Pays de la Loire;44;Golf Blue Green Le Croisic;Le Croisic;44490;18;71;M. Gayon;1990;Bleu;4730;121;66.5;123;69.0;46;4;1;83
Pays de la Loire;44;Golf Blue Green Le Croisic;Le Croisic;44490;18;71;M. Gayon;1990;Bleu;4730;121;66.5;123;69.0;47;3;65;33
Pays de la Loire;44;Golf Blue Green Le Croisic;Le Croisic;44490;18;71;M. Gayon;1990;Bleu;4730;121;66.5;123;69.0;48;4;12;81
Pays de la Loire;44;Golf Blue Green Le Croisic;Le Croisic;44490;18;71;M. Gayon;1990;Bleu;4730;121;66.5;123;69.0;49;4;59;66
Pays de la Loire;44;Golf Blue Green Le Croisic;Le Croisic;44490;18;71;M. Gayon;1990;Bleu;4730;121;66.5;123;69.0;50;4;32;84
Pays de la Loire;44;Golf Blue Green Le Croisic;Le Croisic;44490;18;71;M. Gayon;1990;Bleu;4730;121;66.5;123;69.0;51;4;6;74
Pays de la Loire;44;Golf Blue Green Le Croisic;Le Croisic;44490;18;71;M. Gayon;1990;Bleu;4730;121;66.5;123;69.0;52;4;18;65
Pays de la Loire;44;Golf Blue Green Le Croisic;Le Croisic;44490;18;71;M. Gayon;1990;Bleu;4730;121;66.5;123;69.0;53;4;28;78
Pays de la Loire;44;Golf Blue Green Le Croisic;Le Croisic;44490;18;71;M. Gayon;1990;Bleu;4730;121;66.5;123;69.0;54;4;49;76
Pays de la Loire;44;Golf Blue Green Le Croisic;Le Croisic;44490;18;71;M. Gayon;1990;Bleu;4730;121;66.5;123;69.0;55;4;55;62
Pays de la Loire;44;Golf Blue Green Le Croisic;Le Croisic;44490;18;71;M. Gayon;1990;Bleu;4730;121;66.5;123;69.0;56;4;8;72
Pays de la Loire;44;Golf Blue Green Le Croisic;Le Croisic;44490;18;71;M. Gayon;1990;Bleu;4730;121;66.5;123;69.0;57;4;44;77
Pays de la Loire;44;Golf Blue Green Le Croisic;Le Croisic;44490;18;71;M. Gayon;1990;Bleu;4730;121;66.5;123;69.0;58;4;4;77
Pays de la Loire;44;Golf Blue Green Le Croisic;Le Croisic;44490;18;71;M. Gayon;1990;Bleu;4730;121;66.5;123;69.0;59;4;48;79
Pays de la Loire;44;Golf Blue Green Le Croisic;Le Croisic;44490;18;71;M. Gayon;1990;Bleu;4730;121;66.5;123;69.0;60;3;67;28
Pays de la Loire;44;Golf Blue Green Le Croisic;Le Croisic;44490;18;71;M. Gayon;1990;Bleu;4730;121;66.5;123;69.0;61;4;24;63
Pays de la Loire;44;Golf Blue Green Le Croisic;Le Croisic;44490;18;71;M. Gayon;1990;Bleu;4730;121;66.5;123;69.0;62;4;11;79
Pays de la Loire;44;Golf Blue Green Le Croisic;Le Croisic;44490;18;71;M. Gayon;1990;Bleu;4730;121;66.5;123;69.0;63;4;23;73
Pays de la Loire;44;Golf Blue Green Le Croisic;Le Croisic;44490;18;71;M. Gayon;1990;Bleu;4730;121;66.5;123;69.0;64;4;62;65
Pays de la Loire;44;Golf Blue Green Le Croisic;Le Croisic;44490;18;71;M. Gayon;1990;Bleu;4730;121;66.5;123;69.0;65;4;2;84
Pays de la Loire;44;Golf Blue Green Le Croisic;Le Croisic;44490;18;71;M. Gayon;1990;Bleu;4730;121;66.5;123;69.0;66;4;26;74
Pays de la Loire;44;Golf Blue Green Le Croisic;Le Croisic;44490;18;71;M. Gayon;1990;Bleu;4730;121;66.5;123;69.0;67;4;63;66
Pays de la Loire;44;Golf Blue Green Le Croisic;Le Croisic;44490;18;71;M. Gayon;1990;Bleu;4730;121;66.5;123;69.0;68;4;40;62
Pays de la Loire;44;Golf Blue Green Le Croisic;Le Croisic;44490;18;71;M. Gayon;1990;Rouge;4317;115;64.5;117;67.0;1;4;39;67
Pays de la Loire;44;Golf Blue Green Le Croisic;Le Croisic;44490;18;71;M. Gayon;1990;Rouge;4317;115;64.5;117;67.0;2;4;31;66
Pays de la Loire;44;Golf Blue Green Le Croisic;Le Croisic;44490;18;71;M. Gayon;1990;Rouge;4317;115;64.5;117;67.0;3;4;25;71
Pays de la Loire;44;Golf Blue Green Le Croisic;Le Croisic;44490;18;71;M. Gayon;1990;Rouge;4317;115;64.5;117;67.0;4;4;42;69
Pays de la Loire;44;Golf Blue Green Le Croisic;Le Croisic;44490;18;71;M. Gayon;1990;Rouge;4317;115;64.5;117;67.0;5;4;19;68
Pays de la Loire;44;Golf Blue Green Le Croisic;Le Croisic;44490;18;71;M. Gayon;1990;Rouge;4317;115;64.5;117;67.0;6;4;51;59
Pays de la Loire;44;Golf Blue Green Le Croisic;Le Croisic;44490;18;71;M. Gayon;1990;Rouge;4317;115;64.5;117;67.0;7;4;41;62
Pays de la Loire;44;Golf Blue Green Le Croisic;Le Croisic;44490;18;71;M. Gayon;1990;Rouge;4317;115;64.5;117;67.0;8;4;9;78
Pays de la Loire;44;Golf Blue Green Le Croisic;Le Croisic;44490;18;71;M. Gayon;1990;Rouge;4317;115;64.5;117;67.0;9;4;35;68
Pays de la Loire;44;Golf Blue Green Le Croisic;Le Croisic;44490;18;71;M. Gayon;1990;Rouge;4317;115;64.5;117;67.0;10;4;22;67
Pays de la Loire;44;Golf Blue Green Le Croisic;Le Croisic;44490;18;71;M. Gayon;1990;Rouge;4317;115;64.5;117;67.0;11;3;66;37
Pays de la Loire;44;Golf Blue Green Le Croisic;Le Croisic;44490;18;71;M. Gayon;1990;Rouge;4317;115;64.5;117;67.0;12;4;38;76
Pays de la Loire;44;Golf Blue Green Le Croisic;Le Croisic;44490;18;71;M. Gayon;1990;Rouge;4317;115;64.5;117;67.0;13;4;10;72
Pays de la Loire;44;Golf Blue Green Le Croisic;Le Croisic;44490;18;71;M. Gayon;1990;Rouge;4317;115;64.5;117;67.0;14;4;50;75
Pays de la Loire;44;Golf Blue Green Le Croisic;Le Croisic;44490;18;71;M. Gayon;1990;Rouge;4317;115;64.5;117;67.0;15;4;30;57
Pays de la Loire;44;Golf Blue Green Le Croisic;Le Croisic;44490;18;71;M. Gayon;1990;Rouge;4317;115;64.5;117;67.0;16;4;37;79
Pays de la Loire;44;Golf Blue Green Le Croisic;Le Croisic;44490;18;71;M. Gayon;1990;Rouge;4317;115;64.5;117;67.0;17;4;17;76
Pays de la Loire;44;Golf Blue Green Le Croisic;Le Croisic;44490;18;71;M. Gayon;1990;Rouge;4317;115;64.5;117;67.0;18;3;68;33
Pays de la Loire;44;Golf Blue Green Le Croisic;Le Croisic;44490;18;71;M. Gayon;1990;Rouge;4317;115;64.5;117;67.0;19;4;61;66
Pays de la Loire;44;Golf Blue Green Le Croisic;Le Croisic;44490;18;71;M. Gayon;1990;Rouge;4317;115;64.5;117;67.0;20;4;60;70
Pays de la Loire;44;Golf Blue Green Le Croisic;Le Croisic;44490;18;71;M. Gayon;1990;Rouge;4317;115;64.5;117;67.0;21;4;64;57
Pays de la Loire;44;Golf Blue Green Le Croisic;Le Croisic;44490;18;71;M. Gayon;1990;Rouge;4317;115;64.5;117;67.0;22;4;43;66
Pays de la Loire;44;Golf Blue Green Le Croisic;Le Croisic;44490;18;71;M. Gayon;1990;Rouge;4317;115;64.5;117;67.0;23;4;54;65
Pays de la Loire;44;Golf Blue Green Le Croisic;Le Croisic;44490;18;71;M. Gayon;1990;Rouge;4317;115;64.5;117;67.0;24;4;47;76
Pays de la Loire;44;Golf Blue Green Le Croisic;Le Croisic;44490;18;71;M. Gayon;1990;Rouge;4317;115;64.5;117;67.0;25;4;7;67
Pays de la Loire;44;Golf Blue Green Le Croisic;Le Croisic;44490;18;71;M. Gayon;1990;Rouge;4317;115;64.5;117;67.0;26;4;27;79
Pays de la Loire;44;Golf Blue Green Le Croisic;Le Croisic;44490;18;71;M. Gayon;1990;Rouge;4317;115;64.5;117;67.0;27;4;21;78
Pays de la Loire;44;Golf Blue Green Le Croisic;Le Croisic;44490;18;71;M. Gayon;1990;Rouge;4317;115;64.5;117;67.0;28;4;53;68
Pays de la Loire;44;Golf Blue Green Le Croisic;Le Croisic;44490;18;71;M. Gayon;1990;Rouge;4317;115;64.5;117;67.0;29;4;15;71
Pays de la Loire;44;Golf Blue Green Le Croisic;Le Croisic;44490;18;71;M. Gayon;1990;Rouge;4317;115;64.5;117;67.0;30;4;34;76
Pays de la Loire;44;Golf Blue Green Le Croisic;Le Croisic;44490;18;71;M. Gayon;1990;Rouge;4317;115;64.5;117;67.0;31;4;3;75
Pays de la Loire;44;Golf Blue Green Le Croisic;Le Croisic;44490;18;71;M. Gayon;1990;Rouge;4317;115;64.5;117;67.0;32;4;36;71
Pays de la Loire;44;Golf Blue Green Le Croisic;Le Croisic;44490;18;71;M. Gayon;1990;Rouge;4317;115;64.5;117;67.0;33;4;5;77
Pays de la Loire;44;Golf Blue Green Le Croisic;Le Croisic;44490;18;71;M. Gayon;1990;Rouge;4317;115;64.5;117;67.0;34;4;29;72
Pays de la Loire;44;Golf Blue Green Le Croisic;Le Croisic;44490;18;71;M. Gayon;1990;Rouge;4317;115;64.5;117;67.0;35;4;33;63
Pays de la Loire;44;Golf Blue Green Le Croisic;Le Croisic;44490;18;71;M. Gayon;1990;Rouge;4317;115;64.5;117;67.0;36;4;46;70
Pays de la Loire;44;Golf Blue Green Le Croisic;Le Croisic;44490;18;71;M. Gayon;1990;Rouge;4317;115;64.5;117;67.0;37;4;16;63
Pays de la Loire;44;Golf Blue Green Le Croisic;Le Croisic;44490;18;71;M. Gayon;1990;Rouge;4317;115;64.5;117;67.0;38;4;14;64
Pays de la Loire;44;Golf Blue Green Le Croisic;Le Croisic;44490;18;71;M. Gayon;1990;Rouge;4317;115;64.5;117;67.0;39;4;57;68
Pays de la Loire;44;Golf Blue Green Le Croisic;Le Croisic;44490;18;71;M. Gayon;1990;Rouge;4317;115;64.5;117;67.0;40;4;45;70
Pays de la Loire;44;Golf Blue Green Le Croisic;Le Croisic;44490;18;71;M. Gayon;1990;Rouge;4317;115;64.5;117;67.0;41;4;56;58
Pays de la Loire;44;Golf Blue Green Le Croisic;Le Croisic;44490;18;71;M. Gayon;1990;Rouge;4317;115;64.5;117;67.0;42;4;58;67
Pays de la Loire;44;Golf Blue Green Le Croisic;Le Croisic;44490;18;71;M. Gayon;1990;Rouge;4317;115;64.5;117;67.0;43;4;13;66
Pays de la Loire;44;Golf Blue Green Le Croisic;Le Croisic;44490;18;71;M. Gayon;1990;Rouge;4317;115;64.5;117;67.0;44;4;52;74
Pays de la Loire;44;Golf Blue Green Le Croisic;Le Croisic;44490;18;71;M. Gayon;1990;Rouge;4317;115;64.5;117;67.0;45;4;20;75
Pays de la Loire;44;Golf Blue Green Le Croisic;Le Croisic;44490;18;71;M. Gayon;1990;Rouge;4317;115;64.5;117;67.0;46;4;1;77
Pays de la Loire;44;Golf Blue Green Le Croisic;Le Croisic;44490;18;71;M. Gayon;1990;Rouge;4317;115;64.5;117;67.0;47;3;65;30
Pays de la Loire;44;Golf Blue Green Le Croisic;Le Croisic;44490;18;71;M. Gayon;1990;Rouge;4317;115;64.5;117;67.0;48;4;12;75
Pays de la Loire;44;Golf Blue Green Le Croisic;Le Croisic;44490;18;71;M. Gayon;1990;Rouge;4317;115;64.5;117;67.0;49;4;59;62
Pays de la Loire;44;Golf Blue Green Le Croisic;Le Croisic;44490;18;71;M. Gayon;1990;Rouge;4317;115;64.5;117;67.0;50;4;32;79
Pays de la Loire;44;Golf Blue Green Le Croisic;Le Croisic;44490;18;71;M. Gayon;1990;Rouge;4317;115;64.5;117;67.0;51;4;6;69
Pays de la Loire;44;Golf Blue Green Le Croisic;Le Croisic;44490;18;71;M. Gayon;1990;Rouge;4317;115;64.5;117;67.0;52;4;18;61
Pays de la Loire;44;Golf Blue Green Le Croisic;Le Croisic;44490;18;71;M. Gayon;1990;Rouge;4317;115;64.5;117;67.0;53;4;28;73
Pays de la Loire;44;Golf Blue Green Le Croisic;Le Croisic;44490;18;71;M. Gayon;1990;Rouge;4317;115;64.5;117;67.0;54;4;49;71
Pays de la Loire;44;Golf Blue Green Le Croisic;Le Croisic;44490;18;71;M. Gayon;1990;Rouge;4317;115;64.5;117;67.0;55;4;55;58
Pays de la Loire;44;Golf Blue Green Le Croisic;Le Croisic;44490;18;71;M. Gayon;1990;Rouge;4317;115;64.5;117;67.0;56;4;8;67
Pays de la Loire;44;Golf Blue Green Le Croisic;Le Croisic;44490;18;71;M. Gayon;1990;Rouge;4317;115;64.5;117;67.0;57;4;44;72
Pays de la Loire;44;Golf Blue Green Le Croisic;Le Croisic;44490;18;71;M. Gayon;1990;Rouge;4317;115;64.5;117;67.0;58;4;4;71
Pays de la Loire;44;Golf Blue Green Le Croisic;Le Croisic;44490;18;71;M. Gayon;1990;Rouge;4317;115;64.5;117;67.0;59;4;48;74
Pays de la Loire;44;Golf Blue Green Le Croisic;Le Croisic;44490;18;71;M. Gayon;1990;Rouge;4317;115;64.5;117;67.0;60;3;67;26
Pays de la Loire;44;Golf Blue Green Le Croisic;Le Croisic;44490;18;71;M. Gayon;1990;Rouge;4317;115;64.5;117;67.0;61;4;24;59
Pays de la Loire;44;Golf Blue Green Le Croisic;Le Croisic;44490;18;71;M. Gayon;1990;Rouge;4317;115;64.5;117;67.0;62;4;11;74
Pays de la Loire;44;Golf Blue Green Le Croisic;Le Croisic;44490;18;71;M. Gayon;1990;Rouge;4317;115;64.5;117;67.0;63;4;23;68
Pays de la Loire;44;Golf Blue Green Le Croisic;Le Croisic;44490;18;71;M. Gayon;1990;Rouge;4317;115;64.5;117;67.0;64;4;62;61
Pays de la Loire;44;Golf Blue Green Le Croisic;Le Croisic;44490;18;71;M. Gayon;1990;Rouge;4317;115;64.5;117;67.0;65;4;2;79
Pays de la Loire;44;Golf Blue Green Le Croisic;Le Croisic;44490;18;71;M. Gayon;1990;Rouge;4317;115;64.5;117;67.0;66;4;26;69
Pays de la Loire;44;Golf Blue Green Le Croisic;Le Croisic;44490;18;71;M. Gayon;1990;Rouge;4317;115;64.5;117;67.0;67;4;63;62
Pays de la Loire;44;Golf Blue Green Le Croisic;Le Croisic;44490;18;71;M. Gayon;1990;Rouge;4317;115;64.5;117;67.0;68;4;40;58
Pays de la Loire;44;Golf de Guerande;Guerande;44350;18;71;;1989;Blanc;5400;129;70.0;131;72.5;1;4;9;91
Pays de la Loire;44;Golf de Guerande;Guerande;44350;18;71;;1989;Blanc;5400;129;70.0;131;72.5;2;4;27;77
Pays de la Loire;44;Golf de Guerande;Guerande;44350;18;71;;1989;Blanc;5400;129;70.0;131;72.5;3;4;26;79
Pays de la Loire;44;Golf de Guerande;Guerande;44350;18;71;;1989;Blanc;5400;129;70.0;131;72.5;4;4;21;90
Pays de la Loire;44;Golf de Guerande;Guerande;44350;18;71;;1989;Blanc;5400;129;70.0;131;72.5;5;4;39;87
Pays de la Loire;44;Golf de Guerande;Guerande;44350;18;71;;1989;Blanc;5400;129;70.0;131;72.5;6;4;60;81
Pays de la Loire;44;Golf de Guerande;Guerande;44350;18;71;;1989;Blanc;5400;129;70.0;131;72.5;7;4;35;84
Pays de la Loire;44;Golf de Guerande;Guerande;44350;18;71;;1989;Blanc;5400;129;70.0;131;72.5;8;4;14;86
Pays de la Loire;44;Golf de Guerande;Guerande;44350;18;71;;1989;Blanc;5400;129;70.0;131;72.5;9;4;46;86
Pays de la Loire;44;Golf de Guerande;Guerande;44350;18;71;;1989;Blanc;5400;129;70.0;131;72.5;10;4;59;80
Pays de la Loire;44;Golf de Guerande;Guerande;44350;18;71;;1989;Blanc;5400;129;70.0;131;72.5;11;3;66;38
Pays de la Loire;44;Golf de Guerande;Guerande;44350;18;71;;1989;Blanc;5400;129;70.0;131;72.5;12;4;8;92
Pays de la Loire;44;Golf de Guerande;Guerande;44350;18;71;;1989;Blanc;5400;129;70.0;131;72.5;13;4;50;86
Pays de la Loire;44;Golf de Guerande;Guerande;44350;18;71;;1989;Blanc;5400;129;70.0;131;72.5;14;4;13;80
Pays de la Loire;44;Golf de Guerande;Guerande;44350;18;71;;1989;Blanc;5400;129;70.0;131;72.5;15;4;10;80
Pays de la Loire;44;Golf de Guerande;Guerande;44350;18;71;;1989;Blanc;5400;129;70.0;131;72.5;16;4;44;91
Pays de la Loire;44;Golf de Guerande;Guerande;44350;18;71;;1989;Blanc;5400;129;70.0;131;72.5;17;3;68;38
Pays de la Loire;44;Golf de Guerande;Guerande;44350;18;71;;1989;Blanc;5400;129;70.0;131;72.5;18;4;55;78
Pays de la Loire;44;Golf de Guerande;Guerande;44350;18;71;;1989;Blanc;5400;129;70.0;131;72.5;19;4;15;79
Pays de la Loire;44;Golf de Guerande;Guerande;44350;18;71;;1989;Blanc;5400;129;70.0;131;72.5;20;3;67;35
Pays de la Loire;44;Golf de Guerande;Guerande;44350;18;71;;1989;Blanc;5400;129;70.0;131;72.5;21;4;62;76
Pays de la Loire;44;Golf de Guerande;Guerande;44350;18;71;;1989;Blanc;5400;129;70.0;131;72.5;22;4;53;73
Pays de la Loire;44;Golf de Guerande;Guerande;44350;18;71;;1989;Blanc;5400;129;70.0;131;72.5;23;4;38;92
Pays de la Loire;44;Golf de Guerande;Guerande;44350;18;71;;1989;Blanc;5400;129;70.0;131;72.5;24;4;22;75
Pays de la Loire;44;Golf de Guerande;Guerande;44350;18;71;;1989;Blanc;5400;129;70.0;131;72.5;25;4;30;79
Pays de la Loire;44;Golf de Guerande;Guerande;44350;18;71;;1989;Blanc;5400;129;70.0;131;72.5;26;4;20;73
Pays de la Loire;44;Golf de Guerande;Guerande;44350;18;71;;1989;Blanc;5400;129;70.0;131;72.5;27;4;3;92
Pays de la Loire;44;Golf de Guerande;Guerande;44350;18;71;;1989;Blanc;5400;129;70.0;131;72.5;28;4;5;86
Pays de la Loire;44;Golf de Guerande;Guerande;44350;18;71;;1989;Blanc;5400;129;70.0;131;72.5;29;4;25;93
Pays de la Loire;44;Golf de Guerande;Guerande;44350;18;71;;1989;Blanc;5400;129;70.0;131;72.5;30;4;7;91
Pays de la Loire;44;Golf de Guerande;Guerande;44350;18;71;;1989;Blanc;5400;129;70.0;131;72.5;31;4;37;75
Pays de la Loire;44;Golf de Guerande;Guerande;44350;18;71;;1989;Blanc;5400;129;70.0;131;72.5;32;4;34;75
Pays de la Loire;44;Golf de Guerande;Guerande;44350;18;71;;1989;Blanc;5400;129;70.0;131;72.5;33;4;32;76
Pays de la Loire;44;Golf de Guerande;Guerande;44350;18;71;;1989;Blanc;5400;129;70.0;131;72.5;34;4;19;92
Pays de la Loire;44;Golf de Guerande;Guerande;44350;18;71;;1989;Blanc;5400;129;70.0;131;72.5;35;3;65;38
Pays de la Loire;44;Golf de Guerande;Guerande;44350;18;71;;1989;Blanc;5400;129;70.0;131;72.5;36;4;29;78
Pays de la Loire;44;Golf de Guerande;Guerande;44350;18;71;;1989;Blanc;5400;129;70.0;131;72.5;37;4;18;92
Pays de la Loire;44;Golf de Guerande;Guerande;44350;18;71;;1989;Blanc;5400;129;70.0;131;72.5;38;4;6;88
Pays de la Loire;44;Golf de Guerande;Guerande;44350;18;71;;1989;Blanc;5400;129;70.0;131;72.5;39;4;2;93
Pays de la Loire;44;Golf de Guerande;Guerande;44350;18;71;;1989;Blanc;5400;129;70.0;131;72.5;40;4;51;86
Pays de la Loire;44;Golf de Guerande;Guerande;44350;18;71;;1989;Blanc;5400;129;70.0;131;72.5;41;4;4;88
Pays de la Loire;44;Golf de Guerande;Guerande;44350;18;71;;1989;Blanc;5400;129;70.0;131;72.5;42;4;58;78
Pays de la Loire;44;Golf de Guerande;Guerande;44350;18;71;;1989;Blanc;5400;129;70.0;131;72.5;43;4;56;72
Pays de la Loire;44;Golf de Guerande;Guerande;44350;18;71;;1989;Blanc;5400;129;70.0;131;72.5;44;4;1;95
Pays de la Loire;44;Golf de Guerande;Guerande;44350;18;71;;1989;Blanc;5400;129;70.0;131;72.5;45;4;52;75
Pays de la Loire;44;Golf de Guerande;Guerande;44350;18;71;;1989;Blanc;5400;129;70.0;131;72.5;46;4;43;78
Pays de la Loire;44;Golf de Guerande;Guerande;44350;18;71;;1989;Blanc;5400;129;70.0;131;72.5;47;4;61;76
Pays de la Loire;44;Golf de Guerande;Guerande;44350;18;71;;1989;Blanc;5400;129;70.0;131;72.5;48;4;47;81
Pays de la Loire;44;Golf de Guerande;Guerande;44350;18;71;;1989;Blanc;5400;129;70.0;131;72.5;49;4;49;75
Pays de la Loire;44;Golf de Guerande;Guerande;44350;18;71;;1989;Blanc;5400;129;70.0;131;72.5;50;4;48;79
Pays de la Loire;44;Golf de Guerande;Guerande;44350;18;71;;1989;Blanc;5400;129;70.0;131;72.5;51;4;28;70
Pays de la Loire;44;Golf de Guerande;Guerande;44350;18;71;;1989;Blanc;5400;129;70.0;131;72.5;52;4;42;91
Pays de la Loire;44;Golf de Guerande;Guerande;44350;18;71;;1989;Blanc;5400;129;70.0;131;72.5;53;4;41;86
Pays de la Loire;44;Golf de Guerande;Guerande;44350;18;71;;1989;Blanc;5400;129;70.0;131;72.5;54;4;64;73
Pays de la Loire;44;Golf de Guerande;Guerande;44350;18;71;;1989;Blanc;5400;129;70.0;131;72.5;55;4;31;78
Pays de la Loire;44;Golf de Guerande;Guerande;44350;18;71;;1989;Blanc;5400;129;70.0;131;72.5;56;4;36;71
Pays de la Loire;44;Golf de Guerande;Guerande;44350;18;71;;1989;Blanc;5400;129;70.0;131;72.5;57;4;23;71
Pays de la Loire;44;Golf de Guerande;Guerande;44350;18;71;;1989;Blanc;5400;129;70.0;131;72.5;58;4;12;86
Pays de la Loire;44;Golf de Guerande;Guerande;44350;18;71;;1989;Blanc;5400;129;70.0;131;72.5;59;4;40;78
Pays de la Loire;44;Golf de Guerande;Guerande;44350;18;71;;1989;Blanc;5400;129;70.0;131;72.5;60;4;45;91
Pays de la Loire;44;Golf de Guerande;Guerande;44350;18;71;;1989;Blanc;5400;129;70.0;131;72.5;61;4;54;73
Pays de la Loire;44;Golf de Guerande;Guerande;44350;18;71;;1989;Blanc;5400;129;70.0;131;72.5;62;4;24;89
Pays de la Loire;44;Golf de Guerande;Guerande;44350;18;71;;1989;Blanc;5400;129;70.0;131;72.5;63;4;17;93
Pays de la Loire;44;Golf de Guerande;Guerande;44350;18;71;;1989;Blanc;5400;129;70.0;131;72.5;64;4;16;84
Pays de la Loire;44;Golf de Guerande;Guerande;44350;18;71;;1989;Blanc;5400;129;70.0;131;72.5;65;4;63;73
Pays de la Loire;44;Golf de Guerande;Guerande;44350;18;71;;1989;Blanc;5400;129;70.0;131;72.5;66;4;57;70
Pays de la Loire;44;Golf de Guerande;Guerande;44350;18;71;;1989;Blanc;5400;129;70.0;131;72.5;67;4;33;87
Pays de la Loire;44;Golf de Guerande;Guerande;44350;18;71;;1989;Blanc;5400;129;70.0;131;72.5;68;4;11;78
Pays de la Loire;44;Golf de Guerande;Guerande;44350;18;71;;1989;Jaune;5085;124;68.5;126;71.0;1;4;9;86
Pays de la Loire;44;Golf de Guerande;Guerande;44350;18;71;;1989;Jaune;5085;124;68.5;126;71.0;2;4;27;72
Pays de la Loire;44;Golf de Guerande;Guerande;44350;18;71;;1989;Jaune;5085;124;68.5;126;71.0;3;4;26;74
Pays de la Loire;44;Golf de Guerande;Guerande;44350;18;71;;1989;Jaune;5085;124;68.5;126;71.0;4;4;21;85
Pays de la Loire;44;Golf de Guerande;Guerande;44350;18;71;;1989;Jaune;5085;124;68.5;126;71.0;5;4;39;82
Pays de la Loire;44;Golf de Guerande;Guerande;44350;18;71;;1989;Jaune;5085;124;68.5;126;71.0;6;4;60;76
Pays de la Loire;44;Golf de Guerande;Guerande;44350;18;71;;1989;Jaune;5085;124;68.5;126;71.0;7;4;35;79
Pays de la Loire;44;Golf de Guerande;Guerande;44350;18;71;;1989;Jaune;5085;124;68.5;126;71.0;8;4;14;81
Pays de la Loire;44;Golf de Guerande;Guerande;44350;18;71;;1989;Jaune;5085;124;68.5;126;71.0;9;4;46;81
Pays de la Loire;44;Golf de Guerande;Guerande;44350;18;71;;1989;Jaune;5085;124;68.5;126;71.0;10;4;59;75
Pays de la Loire;44;Golf de Guerande;Guerande;44350;18;71;;1989;Jaune;5085;124;68.5;126;71.0;11;3;66;36
Pays de la Loire;44;Golf de Guerande;Guerande;44350;18;71;;1989;Jaune;5085;124;68.5;126;71.0;12;4;8;86
Pays de la Loire;44;Golf de Guerande;Guerande;44350;18;71;;1989;Jaune;5085;124;68.5;126;71.0;13;4;50;81
Pays de la Loire;44;Golf de Guerande;Guerande;44350;18;71;;1989;Jaune;5085;124;68.5;126;71.0;14;4;13;75
Pays de la Loire;44;Golf de Guerande;Guerande;44350;18;71;;1989;Jaune;5085;124;68.5;126;71.0;15;4;10;75
Pays de la Loire;44;Golf de Guerande;Guerande;44350;18;71;;1989;Jaune;5085;124;68.5;126;71.0;16;4;44;86
Pays de la Loire;44;Golf de Guerande;Guerande;44350;18;71;;1989;Jaune;5085;124;68.5;126;71.0;17;3;68;36
Pays de la Loire;44;Golf de Guerande;Guerande;44350;18;71;;1989;Jaune;5085;124;68.5;126;71.0;18;4;55;73
Pays de la Loire;44;Golf de Guerande;Guerande;44350;18;71;;1989;Jaune;5085;124;68.5;126;71.0;19;4;15;74
Pays de la Loire;44;Golf de Guerande;Guerande;44350;18;71;;1989;Jaune;5085;124;68.5;126;71.0;20;3;67;33
Pays de la Loire;44;Golf de Guerande;Guerande;44350;18;71;;1989;Jaune;5085;124;68.5;126;71.0;21;4;62;71
Pays de la Loire;44;Golf de Guerande;Guerande;44350;18;71;;1989;Jaune;5085;124;68.5;126;71.0;22;4;53;69
Pays de la Loire;44;Golf de Guerande;Guerande;44350;18;71;;1989;Jaune;5085;124;68.5;126;71.0;23;4;38;86
Pays de la Loire;44;Golf de Guerande;Guerande;44350;18;71;;1989;Jaune;5085;124;68.5;126;71.0;24;4;22;70
Pays de la Loire;44;Golf de Guerande;Guerande;44350;18;71;;1989;Jaune;5085;124;68.5;126;71.0;25;4;30;74
Pays de la Loire;44;Golf de Guerande;Guerande;44350;18;71;;1989;Jaune;5085;124;68.5;126;71.0;26;4;20;69
Pays de la Loire;44;Golf de Guerande;Guerande;44350;18;71;;1989;Jaune;5085;124;68.5;126;71.0;27;4;3;86
Pays de la Loire;44;Golf de Guerande;Guerande;44350;18;71;;1989;Jaune;5085;124;68.5;126;71.0;28;4;5;81
Pays de la Loire;44;Golf de Guerande;Guerande;44350;18;71;;1989;Jaune;5085;124;68.5;126;71.0;29;4;25;87
Pays de la Loire;44;Golf de Guerande;Guerande;44350;18;71;;1989;Jaune;5085;124;68.5;126;71.0;30;4;7;86
Pays de la Loire;44;Golf de Guerande;Guerande;44350;18;71;;1989;Jaune;5085;124;68.5;126;71.0;31;4;37;70
Pays de la Loire;44;Golf de Guerande;Guerande;44350;18;71;;1989;Jaune;5085;124;68.5;126;71.0;32;4;34;70
Pays de la Loire;44;Golf de Guerande;Guerande;44350;18;71;;1989;Jaune;5085;124;68.5;126;71.0;33;4;32;71
Pays de la Loire;44;Golf de Guerande;Guerande;44350;18;71;;1989;Jaune;5085;124;68.5;126;71.0;34;4;19;86
Pays de la Loire;44;Golf de Guerande;Guerande;44350;18;71;;1989;Jaune;5085;124;68.5;126;71.0;35;3;65;36
Pays de la Loire;44;Golf de Guerande;Guerande;44350;18;71;;1989;Jaune;5085;124;68.5;126;71.0;36;4;29;73
Pays de la Loire;44;Golf de Guerande;Guerande;44350;18;71;;1989;Jaune;5085;124;68.5;126;71.0;37;4;18;86
Pays de la Loire;44;Golf de Guerande;Guerande;44350;18;71;;1989;Jaune;5085;124;68.5;126;71.0;38;4;6;83
Pays de la Loire;44;Golf de Guerande;Guerande;44350;18;71;;1989;Jaune;5085;124;68.5;126;71.0;39;4;2;87
Pays de la Loire;44;Golf de Guerande;Guerande;44350;18;71;;1989;Jaune;5085;124;68.5;126;71.0;40;4;51;81
Pays de la Loire;44;Golf de Guerande;Guerande;44350;18;71;;1989;Jaune;5085;124;68.5;126;71.0;41;4;4;83
Pays de la Loire;44;Golf de Guerande;Guerande;44350;18;71;;1989;Jaune;5085;124;68.5;126;71.0;42;4;58;73
Pays de la Loire;44;Golf de Guerande;Guerande;44350;18;71;;1989;Jaune;5085;124;68.5;126;71.0;43;4;56;68
Pays de la Loire;44;Golf de Guerande;Guerande;44350;18;71;;1989;Jaune;5085;124;68.5;126;71.0;44;4;1;89
Pays de la Loire;44;Golf de Guerande;Guerande;44350;18;71;;1989;Jaune;5085;124;68.5;126;71.0;45;4;52;70
Pays de la Loire;44;Golf de Guerande;Guerande;44350;18;71;;1989;Jaune;5085;124;68.5;126;71.0;46;4;43;73
Pays de la Loire;44;Golf de Guerande;Guerande;44350;18;71;;1989;Jaune;5085;124;68.5;126;71.0;47;4;61;71
Pays de la Loire;44;Golf de Guerande;Guerande;44350;18;71;;1989;Jaune;5085;124;68.5;126;71.0;48;4;47;76
Pays de la Loire;44;Golf de Guerande;Guerande;44350;18;71;;1989;Jaune;5085;124;68.5;126;71.0;49;4;49;70
Pays de la Loire;44;Golf de Guerande;Guerande;44350;18;71;;1989;Jaune;5085;124;68.5;126;71.0;50;4;48;74
Pays de la Loire;44;Golf de Guerande;Guerande;44350;18;71;;1989;Jaune;5085;124;68.5;126;71.0;51;4;28;66
Pays de la Loire;44;Golf de Guerande;Guerande;44350;18;71;;1989;Jaune;5085;124;68.5;126;71.0;52;4;42;86
Pays de la Loire;44;Golf de Guerande;Guerande;44350;18;71;;1989;Jaune;5085;124;68.5;126;71.0;53;4;41;81
Pays de la Loire;44;Golf de Guerande;Guerande;44350;18;71;;1989;Jaune;5085;124;68.5;126;71.0;54;4;64;69
Pays de la Loire;44;Golf de Guerande;Guerande;44350;18;71;;1989;Jaune;5085;124;68.5;126;71.0;55;4;31;73
Pays de la Loire;44;Golf de Guerande;Guerande;44350;18;71;;1989;Jaune;5085;124;68.5;126;71.0;56;4;36;67
Pays de la Loire;44;Golf de Guerande;Guerande;44350;18;71;;1989;Jaune;5085;124;68.5;126;71.0;57;4;23;67
Pays de la Loire;44;Golf de Guerande;Guerande;44350;18;71;;1989;Jaune;5085;124;68.5;126;71.0;58;4;12;81
Pays de la Loire;44;Golf de Guerande;Guerande;44350;18;71;;1989;Jaune;5085;124;68.5;126;71.0;59;4;40;73
Pays de la Loire;44;Golf de Guerande;Guerande;44350;18;71;;1989;Jaune;5085;124;68.5;126;71.0;60;4;45;86
Pays de la Loire;44;Golf de Guerande;Guerande;44350;18;71;;1989;Jaune;5085;124;68.5;126;71.0;61;4;54;69
Pays de la Loire;44;Golf de Guerande;Guerande;44350;18;71;;1989;Jaune;5085;124;68.5;126;71.0;62;4;24;84
Pays de la Loire;44;Golf de Guerande;Guerande;44350;18;71;;1989;Jaune;5085;124;68.5;126;71.0;63;4;17;87
Pays de la Loire;44;Golf de Guerande;Guerande;44350;18;71;;1989;Jaune;5085;124;68.5;126;71.0;64;4;16;79
Pays de la Loire;44;Golf de Guerande;Guerande;44350;18;71;;1989;Jaune;5085;124;68.5;126;71.0;65;4;63;69
Pays de la Loire;44;Golf de Guerande;Guerande;44350;18;71;;1989;Jaune;5085;124;68.5;126;71.0;66;4;57;66
Pays de la Loire;44;Golf de Guerande;Guerande;44350;18;71;;1989;Jaune;5085;124;68.5;126;71.0;67;4;33;82
Pays de la Loire;44;Golf de Guerande;Guerande;44350;18;71;;1989;Jaune;5085;124;68.5;126;71.0;68;4;11;73
Pays de la Loire;44;Golf de Guerande;Guerande;44350;18;71;;1989;Bleu;4623;118;66.5;120;69.0;1;4;9;80
Pays de la Loire;44;Golf de Guerande;Guerande;44350;18;71;;1989;Bleu;4623;118;66.5;120;69.0;2;4;27;68
Pays de la Loire;44;Golf de Guerande;Guerande;44350;18;71;;1989;Bleu;4623;118;66.5;120;69.0;3;4;26;70
Pays de la Loire;44;Golf de Guerande;Guerande;44350;18;71;;1989;Bleu;4623;118;66.5;120;69.0;4;4;21;79
Pays de la Loire;44;Golf de Guerande;Guerande;44350;18;71;;1989;Bleu;4623;118;66.5;120;69.0;5;4;39;77
Pays de la Loire;44;Golf de Guerande;Guerande;44350;18;71;;1989;Bleu;4623;118;66.5;120;69.0;6;4;60;71
Pays de la Loire;44;Golf de Guerande;Guerande;44350;18;71;;1989;Bleu;4623;118;66.5;120;69.0;7;4;35;74
Pays de la Loire;44;Golf de Guerande;Guerande;44350;18;71;;1989;Bleu;4623;118;66.5;120;69.0;8;4;14;76
Pays de la Loire;44;Golf de Guerande;Guerande;44350;18;71;;1989;Bleu;4623;118;66.5;120;69.0;9;4;46;76
Pays de la Loire;44;Golf de Guerande;Guerande;44350;18;71;;1989;Bleu;4623;118;66.5;120;69.0;10;4;59;70
Pays de la Loire;44;Golf de Guerande;Guerande;44350;18;71;;1989;Bleu;4623;118;66.5;120;69.0;11;3;66;33
Pays de la Loire;44;Golf de Guerande;Guerande;44350;18;71;;1989;Bleu;4623;118;66.5;120;69.0;12;4;8;81
Pays de la Loire;44;Golf de Guerande;Guerande;44350;18;71;;1989;Bleu;4623;118;66.5;120;69.0;13;4;50;76
Pays de la Loire;44;Golf de Guerande;Guerande;44350;18;71;;1989;Bleu;4623;118;66.5;120;69.0;14;4;13;70
Pays de la Loire;44;Golf de Guerande;Guerande;44350;18;71;;1989;Bleu;4623;118;66.5;120;69.0;15;4;10;70
Pays de la Loire;44;Golf de Guerande;Guerande;44350;18;71;;1989;Bleu;4623;118;66.5;120;69.0;16;4;44;80
Pays de la Loire;44;Golf de Guerande;Guerande;44350;18;71;;1989;Bleu;4623;118;66.5;120;69.0;17;3;68;33
Pays de la Loire;44;Golf de Guerande;Guerande;44350;18;71;;1989;Bleu;4623;118;66.5;120;69.0;18;4;55;69
Pays de la Loire;44;Golf de Guerande;Guerande;44350;18;71;;1989;Bleu;4623;118;66.5;120;69.0;19;4;15;70
Pays de la Loire;44;Golf de Guerande;Guerande;44350;18;71;;1989;Bleu;4623;118;66.5;120;69.0;20;3;67;31
Pays de la Loire;44;Golf de Guerande;Guerande;44350;18;71;;1989;Bleu;4623;118;66.5;120;69.0;21;4;62;67
Pays de la Loire;44;Golf de Guerande;Guerande;44350;18;71;;1989;Bleu;4623;118;66.5;120;69.0;22;4;53;64
Pays de la Loire;44;Golf de Guerande;Guerande;44350;18;71;;1989;Bleu;4623;118;66.5;120;69.0;23;4;38;81
Pays de la Loire;44;Golf de Guerande;Guerande;44350;18;71;;1989;Bleu;4623;118;66.5;120;69.0;24;4;22;66
Pays de la Loire;44;Golf de Guerande;Guerande;44350;18;71;;1989;Bleu;4623;118;66.5;120;69.0;25;4;30;70
Pays de la Loire;44;Golf de Guerande;Guerande;44350;18;71;;1989;Bleu;4623;118;66.5;120;69.0;26;4;20;64
Pays de la Loire;44;Golf de Guerande;Guerande;44350;18;71;;1989;Bleu;4623;118;66.5;120;69.0;27;4;3;81
Pays de la Loire;44;Golf de Guerande;Guerande;44350;18;71;;1989;Bleu;4623;118;66.5;120;69.0;28;4;5;76
Pays de la Loire;44;Golf de Guerande;Guerande;44350;18;71;;1989;Bleu;4623;118;66.5;120;69.0;29;4;25;82
Pays de la Loire;44;Golf de Guerande;Guerande;44350;18;71;;1989;Bleu;4623;118;66.5;120;69.0;30;4;7;80
Pays de la Loire;44;Golf de Guerande;Guerande;44350;18;71;;1989;Bleu;4623;118;66.5;120;69.0;31;4;37;66
Pays de la Loire;44;Golf de Guerande;Guerande;44350;18;71;;1989;Bleu;4623;118;66.5;120;69.0;32;4;34;66
Pays de la Loire;44;Golf de Guerande;Guerande;44350;18;71;;1989;Bleu;4623;118;66.5;120;69.0;33;4;32;67
Pays de la Loire;44;Golf de Guerande;Guerande;44350;18;71;;1989;Bleu;4623;118;66.5;120;69.0;34;4;19;81
Pays de la Loire;44;Golf de Guerande;Guerande;44350;18;71;;1989;Bleu;4623;118;66.5;120;69.0;35;3;65;33
Pays de la Loire;44;Golf de Guerande;Guerande;44350;18;71;;1989;Bleu;4623;118;66.5;120;69.0;36;4;29;69
Pays de la Loire;44;Golf de Guerande;Guerande;44350;18;71;;1989;Bleu;4623;118;66.5;120;69.0;37;4;18;81
Pays de la Loire;44;Golf de Guerande;Guerande;44350;18;71;;1989;Bleu;4623;118;66.5;120;69.0;38;4;6;77
Pays de la Loire;44;Golf de Guerande;Guerande;44350;18;71;;1989;Bleu;4623;118;66.5;120;69.0;39;4;2;82
Pays de la Loire;44;Golf de Guerande;Guerande;44350;18;71;;1989;Bleu;4623;118;66.5;120;69.0;40;4;51;76
Pays de la Loire;44;Golf de Guerande;Guerande;44350;18;71;;1989;Bleu;4623;118;66.5;120;69.0;41;4;4;77
Pays de la Loire;44;Golf de Guerande;Guerande;44350;18;71;;1989;Bleu;4623;118;66.5;120;69.0;42;4;58;69
Pays de la Loire;44;Golf de Guerande;Guerande;44350;18;71;;1989;Bleu;4623;118;66.5;120;69.0;43;4;56;63
Pays de la Loire;44;Golf de Guerande;Guerande;44350;18;71;;1989;Bleu;4623;118;66.5;120;69.0;44;4;1;84
Pays de la Loire;44;Golf de Guerande;Guerande;44350;18;71;;1989;Bleu;4623;118;66.5;120;69.0;45;4;52;66
Pays de la Loire;44;Golf de Guerande;Guerande;44350;18;71;;1989;Bleu;4623;118;66.5;120;69.0;46;4;43;69
Pays de la Loire;44;Golf de Guerande;Guerande;44350;18;71;;1989;Bleu;4623;118;66.5;120;69.0;47;4;61;67
Pays de la Loire;44;Golf de Guerande;Guerande;44350;18;71;;1989;Bleu;4623;118;66.5;120;69.0;48;4;47;71
Pays de la Loire;44;Golf de Guerande;Guerande;44350;18;71;;1989;Bleu;4623;118;66.5;120;69.0;49;4;49;66
Pays de la Loire;44;Golf de Guerande;Guerande;44350;18;71;;1989;Bleu;4623;118;66.5;120;69.0;50;4;48;70
Pays de la Loire;44;Golf de Guerande;Guerande;44350;18;71;;1989;Bleu;4623;118;66.5;120;69.0;51;4;28;62
Pays de la Loire;44;Golf de Guerande;Guerande;44350;18;71;;1989;Bleu;4623;118;66.5;120;69.0;52;4;42;80
Pays de la Loire;44;Golf de Guerande;Guerande;44350;18;71;;1989;Bleu;4623;118;66.5;120;69.0;53;4;41;76
Pays de la Loire;44;Golf de Guerande;Guerande;44350;18;71;;1989;Bleu;4623;118;66.5;120;69.0;54;4;64;64
Pays de la Loire;44;Golf de Guerande;Guerande;44350;18;71;;1989;Bleu;4623;118;66.5;120;69.0;55;4;31;69
Pays de la Loire;44;Golf de Guerande;Guerande;44350;18;71;;1989;Bleu;4623;118;66.5;120;69.0;56;4;36;62
Pays de la Loire;44;Golf de Guerande;Guerande;44350;18;71;;1989;Bleu;4623;118;66.5;120;69.0;57;4;23;62
Pays de la Loire;44;Golf de Guerande;Guerande;44350;18;71;;1989;Bleu;4623;118;66.5;120;69.0;58;4;12;76
Pays de la Loire;44;Golf de Guerande;Guerande;44350;18;71;;1989;Bleu;4623;118;66.5;120;69.0;59;4;40;69
Pays de la Loire;44;Golf de Guerande;Guerande;44350;18;71;;1989;Bleu;4623;118;66.5;120;69.0;60;4;45;80
Pays de la Loire;44;Golf de Guerande;Guerande;44350;18;71;;1989;Bleu;4623;118;66.5;120;69.0;61;4;54;64
Pays de la Loire;44;Golf de Guerande;Guerande;44350;18;71;;1989;Bleu;4623;118;66.5;120;69.0;62;4;24;78
Pays de la Loire;44;Golf de Guerande;Guerande;44350;18;71;;1989;Bleu;4623;118;66.5;120;69.0;63;4;17;82
Pays de la Loire;44;Golf de Guerande;Guerande;44350;18;71;;1989;Bleu;4623;118;66.5;120;69.0;64;4;16;74
Pays de la Loire;44;Golf de Guerande;Guerande;44350;18;71;;1989;Bleu;4623;118;66.5;120;69.0;65;4;63;64
Pays de la Loire;44;Golf de Guerande;Guerande;44350;18;71;;1989;Bleu;4623;118;66.5;120;69.0;66;4;57;62
Pays de la Loire;44;Golf de Guerande;Guerande;44350;18;71;;1989;Bleu;4623;118;66.5;120;69.0;67;4;33;77
Pays de la Loire;44;Golf de Guerande;Guerande;44350;18;71;;1989;Bleu;4623;118;66.5;120;69.0;68;4;11;69
Pays de la Loire;44;Golf de Guerande;Guerande;44350;18;71;;1989;Rouge;4225;113;64.5;115;67.0;1;4;9;75
Pays de la Loire;44;Golf de Guerande;Guerande;44350;18;71;;1989;Rouge;4225;113;64.5;115;67.0;2;4;27;63
Pays de la Loire;44;Golf de Guerande;Guerande;44350;18;71;;1989;Rouge;4225;113;64.5;115;67.0;3;4;26;65
Pays de la Loire;44;Golf de Guerande;Guerande;44350;18;71;;1989;Rouge;4225;113;64.5;115;67.0;4;4;21;74
Pays de la Loire;44;Golf de Guerande;Guerande;44350;18;71;;1989;Rouge;4225;113;64.5;115;67.0;5;4;39;71
Pays de la Loire;44;Golf de Guerande;Guerande;44350;18;71;;1989;Rouge;4225;113;64.5;115;67.0;6;4;60;66
Pays de la Loire;44;Golf de Guerande;Guerande;44350;18;71;;1989;Rouge;4225;113;64.5;115;67.0;7;4;35;69
Pays de la Loire;44;Golf de Guerande;Guerande;44350;18;71;;1989;Rouge;4225;113;64.5;115;67.0;8;4;14;71
Pays de la Loire;44;Golf de Guerande;Guerande;44350;18;71;;1989;Rouge;4225;113;64.5;115;67.0;9;4;46;71
Pays de la Loire;44;Golf de Guerande;Guerande;44350;18;71;;1989;Rouge;4225;113;64.5;115;67.0;10;4;59;66
Pays de la Loire;44;Golf de Guerande;Guerande;44350;18;71;;1989;Rouge;4225;113;64.5;115;67.0;11;3;66;31
Pays de la Loire;44;Golf de Guerande;Guerande;44350;18;71;;1989;Rouge;4225;113;64.5;115;67.0;12;4;8;75
Pays de la Loire;44;Golf de Guerande;Guerande;44350;18;71;;1989;Rouge;4225;113;64.5;115;67.0;13;4;50;71
Pays de la Loire;44;Golf de Guerande;Guerande;44350;18;71;;1989;Rouge;4225;113;64.5;115;67.0;14;4;13;66
Pays de la Loire;44;Golf de Guerande;Guerande;44350;18;71;;1989;Rouge;4225;113;64.5;115;67.0;15;4;10;66
Pays de la Loire;44;Golf de Guerande;Guerande;44350;18;71;;1989;Rouge;4225;113;64.5;115;67.0;16;4;44;75
Pays de la Loire;44;Golf de Guerande;Guerande;44350;18;71;;1989;Rouge;4225;113;64.5;115;67.0;17;3;68;31
Pays de la Loire;44;Golf de Guerande;Guerande;44350;18;71;;1989;Rouge;4225;113;64.5;115;67.0;18;4;55;64
Pays de la Loire;44;Golf de Guerande;Guerande;44350;18;71;;1989;Rouge;4225;113;64.5;115;67.0;19;4;15;65
Pays de la Loire;44;Golf de Guerande;Guerande;44350;18;71;;1989;Rouge;4225;113;64.5;115;67.0;20;3;67;29
Pays de la Loire;44;Golf de Guerande;Guerande;44350;18;71;;1989;Rouge;4225;113;64.5;115;67.0;21;4;62;62
Pays de la Loire;44;Golf de Guerande;Guerande;44350;18;71;;1989;Rouge;4225;113;64.5;115;67.0;22;4;53;60
Pays de la Loire;44;Golf de Guerande;Guerande;44350;18;71;;1989;Rouge;4225;113;64.5;115;67.0;23;4;38;75
Pays de la Loire;44;Golf de Guerande;Guerande;44350;18;71;;1989;Rouge;4225;113;64.5;115;67.0;24;4;22;62
Pays de la Loire;44;Golf de Guerande;Guerande;44350;18;71;;1989;Rouge;4225;113;64.5;115;67.0;25;4;30;65
Pays de la Loire;44;Golf de Guerande;Guerande;44350;18;71;;1989;Rouge;4225;113;64.5;115;67.0;26;4;20;60
Pays de la Loire;44;Golf de Guerande;Guerande;44350;18;71;;1989;Rouge;4225;113;64.5;115;67.0;27;4;3;75
Pays de la Loire;44;Golf de Guerande;Guerande;44350;18;71;;1989;Rouge;4225;113;64.5;115;67.0;28;4;5;71
Pays de la Loire;44;Golf de Guerande;Guerande;44350;18;71;;1989;Rouge;4225;113;64.5;115;67.0;29;4;25;76
Pays de la Loire;44;Golf de Guerande;Guerande;44350;18;71;;1989;Rouge;4225;113;64.5;115;67.0;30;4;7;75
Pays de la Loire;44;Golf de Guerande;Guerande;44350;18;71;;1989;Rouge;4225;113;64.5;115;67.0;31;4;37;62
Pays de la Loire;44;Golf de Guerande;Guerande;44350;18;71;;1989;Rouge;4225;113;64.5;115;67.0;32;4;34;62
Pays de la Loire;44;Golf de Guerande;Guerande;44350;18;71;;1989;Rouge;4225;113;64.5;115;67.0;33;4;32;62
Pays de la Loire;44;Golf de Guerande;Guerande;44350;18;71;;1989;Rouge;4225;113;64.5;115;67.0;34;4;19;75
Pays de la Loire;44;Golf de Guerande;Guerande;44350;18;71;;1989;Rouge;4225;113;64.5;115;67.0;35;3;65;31
Pays de la Loire;44;Golf de Guerande;Guerande;44350;18;71;;1989;Rouge;4225;113;64.5;115;67.0;36;4;29;64
Pays de la Loire;44;Golf de Guerande;Guerande;44350;18;71;;1989;Rouge;4225;113;64.5;115;67.0;37;4;18;75
Pays de la Loire;44;Golf de Guerande;Guerande;44350;18;71;;1989;Rouge;4225;113;64.5;115;67.0;38;4;6;72
Pays de la Loire;44;Golf de Guerande;Guerande;44350;18;71;;1989;Rouge;4225;113;64.5;115;67.0;39;4;2;76
Pays de la Loire;44;Golf de Guerande;Guerande;44350;18;71;;1989;Rouge;4225;113;64.5;115;67.0;40;4;51;71
Pays de la Loire;44;Golf de Guerande;Guerande;44350;18;71;;1989;Rouge;4225;113;64.5;115;67.0;41;4;4;72
Pays de la Loire;44;Golf de Guerande;Guerande;44350;18;71;;1989;Rouge;4225;113;64.5;115;67.0;42;4;58;64
Pays de la Loire;44;Golf de Guerande;Guerande;44350;18;71;;1989;Rouge;4225;113;64.5;115;67.0;43;4;56;59
Pays de la Loire;44;Golf de Guerande;Guerande;44350;18;71;;1989;Rouge;4225;113;64.5;115;67.0;44;4;1;78
Pays de la Loire;44;Golf de Guerande;Guerande;44350;18;71;;1989;Rouge;4225;113;64.5;115;67.0;45;4;52;62
Pays de la Loire;44;Golf de Guerande;Guerande;44350;18;71;;1989;Rouge;4225;113;64.5;115;67.0;46;4;43;64
Pays de la Loire;44;Golf de Guerande;Guerande;44350;18;71;;1989;Rouge;4225;113;64.5;115;67.0;47;4;61;62
Pays de la Loire;44;Golf de Guerande;Guerande;44350;18;71;;1989;Rouge;4225;113;64.5;115;67.0;48;4;47;66
Pays de la Loire;44;Golf de Guerande;Guerande;44350;18;71;;1989;Rouge;4225;113;64.5;115;67.0;49;4;49;62
Pays de la Loire;44;Golf de Guerande;Guerande;44350;18;71;;1989;Rouge;4225;113;64.5;115;67.0;50;4;48;65
Pays de la Loire;44;Golf de Guerande;Guerande;44350;18;71;;1989;Rouge;4225;113;64.5;115;67.0;51;4;28;57
Pays de la Loire;44;Golf de Guerande;Guerande;44350;18;71;;1989;Rouge;4225;113;64.5;115;67.0;52;4;42;75
Pays de la Loire;44;Golf de Guerande;Guerande;44350;18;71;;1989;Rouge;4225;113;64.5;115;67.0;53;4;41;71
Pays de la Loire;44;Golf de Guerande;Guerande;44350;18;71;;1989;Rouge;4225;113;64.5;115;67.0;54;4;64;60
Pays de la Loire;44;Golf de Guerande;Guerande;44350;18;71;;1989;Rouge;4225;113;64.5;115;67.0;55;4;31;64
Pays de la Loire;44;Golf de Guerande;Guerande;44350;18;71;;1989;Rouge;4225;113;64.5;115;67.0;56;4;36;58
Pays de la Loire;44;Golf de Guerande;Guerande;44350;18;71;;1989;Rouge;4225;113;64.5;115;67.0;57;4;23;58
Pays de la Loire;44;Golf de Guerande;Guerande;44350;18;71;;1989;Rouge;4225;113;64.5;115;67.0;58;4;12;71
Pays de la Loire;44;Golf de Guerande;Guerande;44350;18;71;;1989;Rouge;4225;113;64.5;115;67.0;59;4;40;64
Pays de la Loire;44;Golf de Guerande;Guerande;44350;18;71;;1989;Rouge;4225;113;64.5;115;67.0;60;4;45;75
Pays de la Loire;44;Golf de Guerande;Guerande;44350;18;71;;1989;Rouge;4225;113;64.5;115;67.0;61;4;54;60
Pays de la Loire;44;Golf de Guerande;Guerande;44350;18;71;;1989;Rouge;4225;113;64.5;115;67.0;62;4;24;73
Pays de la Loire;44;Golf de Guerande;Guerande;44350;18;71;;1989;Rouge;4225;113;64.5;115;67.0;63;4;17;76
Pays de la Loire;44;Golf de Guerande;Guerande;44350;18;71;;1989;Rouge;4225;113;64.5;115;67.0;64;4;16;69
Pays de la Loire;44;Golf de Guerande;Guerande;44350;18;71;;1989;Rouge;4225;113;64.5;115;67.0;65;4;63;60
Pays de la Loire;44;Golf de Guerande;Guerande;44350;18;71;;1989;Rouge;4225;113;64.5;115;67.0;66;4;57;57
Pays de la Loire;44;Golf de Guerande;Guerande;44350;18;71;;1989;Rouge;4225;113;64.5;115;67.0;67;4;33;71
Pays de la Loire;44;Golf de Guerande;Guerande;44350;18;71;;1989;Rouge;4225;113;64.5;115;67.0;68;4;11;64
Pays de la Loire;44;Golf de Pornic;Pornic;44210;18;72;;1987;Blanc;5755;130;71.2;132;73.5;1;4;42;87
Pays de la Loire;44;Golf de Pornic;Pornic;44210;18;72;;1987;Blanc;5755;130;71.2;132;73.5;2;4;4;96
Pays de la Loire;44;Golf de Pornic;Pornic;44210;18;72;;1987;Blanc;5755;130;71.2;132;73.5;3;4;39;90
Pays de la Loire;44;Golf de Pornic;Pornic;44210;18;72;;1987;Blanc;5755;130;71.2;132;73.5;4;4;34;83
Pays de la Loire;44;Golf de Pornic;Pornic;44210;18;72;;1987;Blanc;5755;130;71.2;132;73.5;5;4;7;95
Pays de la Loire;44;Golf de Pornic;Pornic;44210;18;72;;1987;Blanc;5755;130;71.2;132;73.5;6;4;22;86
Pays de la Loire;44;Golf de Pornic;Pornic;44210;18;72;;1987;Blanc;5755;130;71.2;132;73.5;7;4;25;100
Pays de la Loire;44;Golf de Pornic;Pornic;44210;18;72;;1987;Blanc;5755;130;71.2;132;73.5;8;4;5;98
Pays de la Loire;44;Golf de Pornic;Pornic;44210;18;72;;1987;Blanc;5755;130;71.2;132;73.5;9;4;6;91
Pays de la Loire;44;Golf de Pornic;Pornic;44210;18;72;;1987;Blanc;5755;130;71.2;132;73.5;10;4;60;75
Pays de la Loire;44;Golf de Pornic;Pornic;44210;18;72;;1987;Blanc;5755;130;71.2;132;73.5;11;4;32;88
Pays de la Loire;44;Golf de Pornic;Pornic;44210;18;72;;1987;Blanc;5755;130;71.2;132;73.5;12;4;58;76
Pays de la Loire;44;Golf de Pornic;Pornic;44210;18;72;;1987;Blanc;5755;130;71.2;132;73.5;13;4;15;84
Pays de la Loire;44;Golf de Pornic;Pornic;44210;18;72;;1987;Blanc;5755;130;71.2;132;73.5;14;4;28;82
Pays de la Loire;44;Golf de Pornic;Pornic;44210;18;72;;1987;Blanc;5755;130;71.2;132;73.5;15;4;55;84
Pays de la Loire;44;Golf de Pornic;Pornic;44210;18;72;;1987;Blanc;5755;130;71.2;132;73.5;16;4;62;77
Pays de la Loire;44;Golf de Pornic;Pornic;44210;18;72;;1987;Blanc;5755;130;71.2;132;73.5;17;4;24;98
Pays de la Loire;44;Golf de Pornic;Pornic;44210;18;72;;1987;Blanc;5755;130;71.2;132;73.5;18;4;31;86
Pays de la Loire;44;Golf de Pornic;Pornic;44210;18;72;;1987;Blanc;5755;130;71.2;132;73.5;19;4;14;101
Pays de la Loire;44;Golf de Pornic;Pornic;44210;18;72;;1987;Blanc;5755;130;71.2;132;73.5;20;4;13;90
Pays de la Loire;44;Golf de Pornic;Pornic;44210;18;72;;1987;Blanc;5755;130;71.2;132;73.5;21;4;21;100
Pays de la Loire;44;Golf de Pornic;Pornic;44210;18;72;;1987;Blanc;5755;130;71.2;132;73.5;22;4;64;74
Pays de la Loire;44;Golf de Pornic;Pornic;44210;18;72;;1987;Blanc;5755;130;71.2;132;73.5;23;4;29;95
Pays de la Loire;44;Golf de Pornic;Pornic;44210;18;72;;1987;Blanc;5755;130;71.2;132;73.5;24;4;33;91
Pays de la Loire;44;Golf de Pornic;Pornic;44210;18;72;;1987;Blanc;5755;130;71.2;132;73.5;25;3;65;40
Pays de la Loire;44;Golf de Pornic;Pornic;44210;18;72;;1987;Blanc;5755;130;71.2;132;73.5;26;4;9;87
Pays de la Loire;44;Golf de Pornic;Pornic;44210;18;72;;1987;Blanc;5755;130;71.2;132;73.5;27;4;41;75
Pays de la Loire;44;Golf de Pornic;Pornic;44210;18;72;;1987;Blanc;5755;130;71.2;132;73.5;28;4;57;80
Pays de la Loire;44;Golf de Pornic;Pornic;44210;18;72;;1987;Blanc;5755;130;71.2;132;73.5;29;4;19;90
Pays de la Loire;44;Golf de Pornic;Pornic;44210;18;72;;1987;Blanc;5755;130;71.2;132;73.5;30;4;17;85
Pays de la Loire;44;Golf de Pornic;Pornic;44210;18;72;;1987;Blanc;5755;130;71.2;132;73.5;31;4;8;94
Pays de la Loire;44;Golf de Pornic;Pornic;44210;18;72;;1987;Blanc;5755;130;71.2;132;73.5;32;4;16;98
Pays de la Loire;44;Golf de Pornic;Pornic;44210;18;72;;1987;Blanc;5755;130;71.2;132;73.5;33;3;68;41
Pays de la Loire;44;Golf de Pornic;Pornic;44210;18;72;;1987;Blanc;5755;130;71.2;132;73.5;34;4;2;94
Pays de la Loire;44;Golf de Pornic;Pornic;44210;18;72;;1987;Blanc;5755;130;71.2;132;73.5;35;4;12;88
Pays de la Loire;44;Golf de Pornic;Pornic;44210;18;72;;1987;Blanc;5755;130;71.2;132;73.5;36;4;11;98
Pays de la Loire;44;Golf de Pornic;Pornic;44210;18;72;;1987;Blanc;5755;130;71.2;132;73.5;37;3;67;34
Pays de la Loire;44;Golf de Pornic;Pornic;44210;18;72;;1987;Blanc;5755;130;71.2;132;73.5;38;4;48;80
Pays de la Loire;44;Golf de Pornic;Pornic;44210;18;72;;1987;Blanc;5755;130;71.2;132;73.5;39;4;54;82
Pays de la Loire;44;Golf de Pornic;Pornic;44210;18;72;;1987;Blanc;5755;130;71.2;132;73.5;40;4;40;91
Pays de la Loire;44;Golf de Pornic;Pornic;44210;18;72;;1987;Blanc;5755;130;71.2;132;73.5;41;4;27;78
Pays de la Loire;44;Golf de Pornic;Pornic;44210;18;72;;1987;Blanc;5755;130;71.2;132;73.5;42;4;38;83
Pays de la Loire;44;Golf de Pornic;Pornic;44210;18;72;;1987;Blanc;5755;130;71.2;132;73.5;43;4;47;88
Pays de la Loire;44;Golf de Pornic;Pornic;44210;18;72;;1987;Blanc;5755;130;71.2;132;73.5;44;4;10;96
Pays de la Loire;44;Golf de Pornic;Pornic;44210;18;72;;1987;Blanc;5755;130;71.2;132;73.5;45;4;56;89
Pays de la Loire;44;Golf de Pornic;Pornic;44210;18;72;;1987;Blanc;5755;130;71.2;132;73.5;46;4;52;77
Pays de la Loire;44;Golf de Pornic;Pornic;44210;18;72;;1987;Blanc;5755;130;71.2;132;73.5;47;4;44;74
Pays de la Loire;44;Golf de Pornic;Pornic;44210;18;72;;1987;Blanc;5755;130;71.2;132;73.5;48;4;18;94
Pays de la Loire;44;Golf de Pornic;Pornic;44210;18;72;;1987;Blanc;5755;130;71.2;132;73.5;49;4;20;93
Pays de la Loire;44;Golf de Pornic;Pornic;44210;18;72;;1987;Blanc;5755;130;71.2;132;73.5;50;4;37;99
Pays de la Loire;44;Golf de Pornic;Pornic;44210;18;72;;1987;Blanc;5755;130;71.2;132;73.5;51;4;30;81
Pays de la Loire;44;Golf de Pornic;Pornic;44210;18;72;;1987;Blanc;5755;130;71.2;132;73.5;52;4;50;96
Pays de la Loire;44;Golf de Pornic;Pornic;44210;18;72;;1987;Blanc;5755;130;71.2;132;73.5;53;4;59;79
Pays de la Loire;44;Golf de Pornic;Pornic;44210;18;72;;1987;Blanc;5755;130;71.2;132;73.5;54;4;23;83
Pays de la Loire;44;Golf de Pornic;Pornic;44210;18;72;;1987;Blanc;5755;130;71.2;132;73.5;55;4;3;91
Pays de la Loire;44;Golf de Pornic;Pornic;44210;18;72;;1987;Blanc;5755;130;71.2;132;73.5;56;4;53;74
Pays de la Loire;44;Golf de Pornic;Pornic;44210;18;72;;1987;Blanc;5755;130;71.2;132;73.5;57;4;51;91
Pays de la Loire;44;Golf de Pornic;Pornic;44210;18;72;;1987;Blanc;5755;130;71.2;132;73.5;58;3;66;40
Pays de la Loire;44;Golf de Pornic;Pornic;44210;18;72;;1987;Blanc;5755;130;71.2;132;73.5;59;4;61;76
Pays de la Loire;44;Golf de Pornic;Pornic;44210;18;72;;1987;Blanc;5755;130;71.2;132;73.5;60;4;26;81
Pays de la Loire;44;Golf de Pornic;Pornic;44210;18;72;;1987;Blanc;5755;130;71.2;132;73.5;61;4;1;101
Pays de la Loire;44;Golf de Pornic;Pornic;44210;18;72;;1987;Blanc;5755;130;71.2;132;73.5;62;4;63;77
Pays de la Loire;44;Golf de Pornic;Pornic;44210;18;72;;1987;Blanc;5755;130;71.2;132;73.5;63;4;49;89
Pays de la Loire;44;Golf de Pornic;Pornic;44210;18;72;;1987;Blanc;5755;130;71.2;132;73.5;64;4;46;77
Pays de la Loire;44;Golf de Pornic;Pornic;44210;18;72;;1987;Blanc;5755;130;71.2;132;73.5;65;4;45;94
Pays de la Loire;44;Golf de Pornic;Pornic;44210;18;72;;1987;Blanc;5755;130;71.2;132;73.5;66;4;43;100
Pays de la Loire;44;Golf de Pornic;Pornic;44210;18;72;;1987;Blanc;5755;130;71.2;132;73.5;67;4;36;78
Pays de la Loire;44;Golf de Pornic;Pornic;44210;18;72;;1987;Blanc;5755;130;71.2;132;73.5;68;4;35;92
Pays de la Loire;44;Golf de Pornic;Pornic;44210;18;72;;1987;Jaune;5420;125;69.5;127;71.5;1;4;42;82
Pays de la Loire;44;Golf de Pornic;Pornic;44210;18;72;;1987;Jaune;5420;125;69.5;127;71.5;2;4;4;90
Pays de la Loire;44;Golf de Pornic;Pornic;44210;18;72;;1987;Jaune;5420;125;69.5;127;71.5;3;4;39;85
Pays de la Loire;44;Golf de Pornic;Pornic;44210;18;72;;1987;Jaune;5420;125;69.5;127;71.5;4;4;34;78
Pays de la Loire;44;Golf de Pornic;Pornic;44210;18;72;;1987;Jaune;5420;125;69.5;127;71.5;5;4;7;89
Pays de la Loire;44;Golf de Pornic;Pornic;44210;18;72;;1987;Jaune;5420;125;69.5;127;71.5;6;4;22;81
Pays de la Loire;44;Golf de Pornic;Pornic;44210;18;72;;1987;Jaune;5420;125;69.5;127;71.5;7;4;25;94
Pays de la Loire;44;Golf de Pornic;Pornic;44210;18;72;;1987;Jaune;5420;125;69.5;127;71.5;8;4;5;92
Pays de la Loire;44;Golf de Pornic;Pornic;44210;18;72;;1987;Jaune;5420;125;69.5;127;71.5;9;4;6;86
Pays de la Loire;44;Golf de Pornic;Pornic;44210;18;72;;1987;Jaune;5420;125;69.5;127;71.5;10;4;60;70
Pays de la Loire;44;Golf de Pornic;Pornic;44210;18;72;;1987;Jaune;5420;125;69.5;127;71.5;11;4;32;83
Pays de la Loire;44;Golf de Pornic;Pornic;44210;18;72;;1987;Jaune;5420;125;69.5;127;71.5;12;4;58;71
Pays de la Loire;44;Golf de Pornic;Pornic;44210;18;72;;1987;Jaune;5420;125;69.5;127;71.5;13;4;15;79
Pays de la Loire;44;Golf de Pornic;Pornic;44210;18;72;;1987;Jaune;5420;125;69.5;127;71.5;14;4;28;77
Pays de la Loire;44;Golf de Pornic;Pornic;44210;18;72;;1987;Jaune;5420;125;69.5;127;71.5;15;4;55;79
Pays de la Loire;44;Golf de Pornic;Pornic;44210;18;72;;1987;Jaune;5420;125;69.5;127;71.5;16;4;62;72
Pays de la Loire;44;Golf de Pornic;Pornic;44210;18;72;;1987;Jaune;5420;125;69.5;127;71.5;17;4;24;92
Pays de la Loire;44;Golf de Pornic;Pornic;44210;18;72;;1987;Jaune;5420;125;69.5;127;71.5;18;4;31;81
Pays de la Loire;44;Golf de Pornic;Pornic;44210;18;72;;1987;Jaune;5420;125;69.5;127;71.5;19;4;14;95
Pays de la Loire;44;Golf de Pornic;Pornic;44210;18;72;;1987;Jaune;5420;125;69.5;127;71.5;20;4;13;85
Pays de la Loire;44;Golf de Pornic;Pornic;44210;18;72;;1987;Jaune;5420;125;69.5;127;71.5;21;4;21;94
Pays de la Loire;44;Golf de Pornic;Pornic;44210;18;72;;1987;Jaune;5420;125;69.5;127;71.5;22;4;64;70
Pays de la Loire;44;Golf de Pornic;Pornic;44210;18;72;;1987;Jaune;5420;125;69.5;127;71.5;23;4;29;89
Pays de la Loire;44;Golf de Pornic;Pornic;44210;18;72;;1987;Jaune;5420;125;69.5;127;71.5;24;4;33;86
Pays de la Loire;44;Golf de Pornic;Pornic;44210;18;72;;1987;Jaune;5420;125;69.5;127;71.5;25;3;65;38
Pays de la Loire;44;Golf de Pornic;Pornic;44210;18;72;;1987;Jaune;5420;125;69.5;127;71.5;26;4;9;82
Pays de la Loire;44;Golf de Pornic;Pornic;44210;18;72;;1987;Jaune;5420;125;69.5;127;71.5;27;4;41;70
Pays de la Loire;44;Golf de Pornic;Pornic;44210;18;72;;1987;Jaune;5420;125;69.5;127;71.5;28;4;57;75
Pays de la Loire;44;Golf de Pornic;Pornic;44210;18;72;;1987;Jaune;5420;125;69.5;127;71.5;29;4;19;85
Pays de la Loire;44;Golf de Pornic;Pornic;44210;18;72;;1987;Jaune;5420;125;69.5;127;71.5;30;4;17;80
Pays de la Loire;44;Golf de Pornic;Pornic;44210;18;72;;1987;Jaune;5420;125;69.5;127;71.5;31;4;8;88
Pays de la Loire;44;Golf de Pornic;Pornic;44210;18;72;;1987;Jaune;5420;125;69.5;127;71.5;32;4;16;92
Pays de la Loire;44;Golf de Pornic;Pornic;44210;18;72;;1987;Jaune;5420;125;69.5;127;71.5;33;3;68;39
Pays de la Loire;44;Golf de Pornic;Pornic;44210;18;72;;1987;Jaune;5420;125;69.5;127;71.5;34;4;2;88
Pays de la Loire;44;Golf de Pornic;Pornic;44210;18;72;;1987;Jaune;5420;125;69.5;127;71.5;35;4;12;83
Pays de la Loire;44;Golf de Pornic;Pornic;44210;18;72;;1987;Jaune;5420;125;69.5;127;71.5;36;4;11;92
Pays de la Loire;44;Golf de Pornic;Pornic;44210;18;72;;1987;Jaune;5420;125;69.5;127;71.5;37;3;67;32
Pays de la Loire;44;Golf de Pornic;Pornic;44210;18;72;;1987;Jaune;5420;125;69.5;127;71.5;38;4;48;75
Pays de la Loire;44;Golf de Pornic;Pornic;44210;18;72;;1987;Jaune;5420;125;69.5;127;71.5;39;4;54;77
Pays de la Loire;44;Golf de Pornic;Pornic;44210;18;72;;1987;Jaune;5420;125;69.5;127;71.5;40;4;40;86
Pays de la Loire;44;Golf de Pornic;Pornic;44210;18;72;;1987;Jaune;5420;125;69.5;127;71.5;41;4;27;73
Pays de la Loire;44;Golf de Pornic;Pornic;44210;18;72;;1987;Jaune;5420;125;69.5;127;71.5;42;4;38;78
Pays de la Loire;44;Golf de Pornic;Pornic;44210;18;72;;1987;Jaune;5420;125;69.5;127;71.5;43;4;47;83
Pays de la Loire;44;Golf de Pornic;Pornic;44210;18;72;;1987;Jaune;5420;125;69.5;127;71.5;44;4;10;90
Pays de la Loire;44;Golf de Pornic;Pornic;44210;18;72;;1987;Jaune;5420;125;69.5;127;71.5;45;4;56;84
Pays de la Loire;44;Golf de Pornic;Pornic;44210;18;72;;1987;Jaune;5420;125;69.5;127;71.5;46;4;52;72
Pays de la Loire;44;Golf de Pornic;Pornic;44210;18;72;;1987;Jaune;5420;125;69.5;127;71.5;47;4;44;70
Pays de la Loire;44;Golf de Pornic;Pornic;44210;18;72;;1987;Jaune;5420;125;69.5;127;71.5;48;4;18;88
Pays de la Loire;44;Golf de Pornic;Pornic;44210;18;72;;1987;Jaune;5420;125;69.5;127;71.5;49;4;20;87
Pays de la Loire;44;Golf de Pornic;Pornic;44210;18;72;;1987;Jaune;5420;125;69.5;127;71.5;50;4;37;93
Pays de la Loire;44;Golf de Pornic;Pornic;44210;18;72;;1987;Jaune;5420;125;69.5;127;71.5;51;4;30;76
Pays de la Loire;44;Golf de Pornic;Pornic;44210;18;72;;1987;Jaune;5420;125;69.5;127;71.5;52;4;50;90
Pays de la Loire;44;Golf de Pornic;Pornic;44210;18;72;;1987;Jaune;5420;125;69.5;127;71.5;53;4;59;74
Pays de la Loire;44;Golf de Pornic;Pornic;44210;18;72;;1987;Jaune;5420;125;69.5;127;71.5;54;4;23;78
Pays de la Loire;44;Golf de Pornic;Pornic;44210;18;72;;1987;Jaune;5420;125;69.5;127;71.5;55;4;3;86
Pays de la Loire;44;Golf de Pornic;Pornic;44210;18;72;;1987;Jaune;5420;125;69.5;127;71.5;56;4;53;70
Pays de la Loire;44;Golf de Pornic;Pornic;44210;18;72;;1987;Jaune;5420;125;69.5;127;71.5;57;4;51;86
Pays de la Loire;44;Golf de Pornic;Pornic;44210;18;72;;1987;Jaune;5420;125;69.5;127;71.5;58;3;66;38
Pays de la Loire;44;Golf de Pornic;Pornic;44210;18;72;;1987;Jaune;5420;125;69.5;127;71.5;59;4;61;71
Pays de la Loire;44;Golf de Pornic;Pornic;44210;18;72;;1987;Jaune;5420;125;69.5;127;71.5;60;4;26;76
Pays de la Loire;44;Golf de Pornic;Pornic;44210;18;72;;1987;Jaune;5420;125;69.5;127;71.5;61;4;1;95
Pays de la Loire;44;Golf de Pornic;Pornic;44210;18;72;;1987;Jaune;5420;125;69.5;127;71.5;62;4;63;72
Pays de la Loire;44;Golf de Pornic;Pornic;44210;18;72;;1987;Jaune;5420;125;69.5;127;71.5;63;4;49;84
Pays de la Loire;44;Golf de Pornic;Pornic;44210;18;72;;1987;Jaune;5420;125;69.5;127;71.5;64;4;46;72
Pays de la Loire;44;Golf de Pornic;Pornic;44210;18;72;;1987;Jaune;5420;125;69.5;127;71.5;65;4;45;88
Pays de la Loire;44;Golf de Pornic;Pornic;44210;18;72;;1987;Jaune;5420;125;69.5;127;71.5;66;4;43;94
Pays de la Loire;44;Golf de Pornic;Pornic;44210;18;72;;1987;Jaune;5420;125;69.5;127;71.5;67;4;36;73
Pays de la Loire;44;Golf de Pornic;Pornic;44210;18;72;;1987;Jaune;5420;125;69.5;127;71.5;68;4;35;86
Pays de la Loire;44;Golf de Pornic;Pornic;44210;18;72;;1987;Bleu;4950;119;67.5;121;69.5;1;4;42;77
Pays de la Loire;44;Golf de Pornic;Pornic;44210;18;72;;1987;Bleu;4950;119;67.5;121;69.5;2;4;4;84
Pays de la Loire;44;Golf de Pornic;Pornic;44210;18;72;;1987;Bleu;4950;119;67.5;121;69.5;3;4;39;79
Pays de la Loire;44;Golf de Pornic;Pornic;44210;18;72;;1987;Bleu;4950;119;67.5;121;69.5;4;4;34;73
Pays de la Loire;44;Golf de Pornic;Pornic;44210;18;72;;1987;Bleu;4950;119;67.5;121;69.5;5;4;7;84
Pays de la Loire;44;Golf de Pornic;Pornic;44210;18;72;;1987;Bleu;4950;119;67.5;121;69.5;6;4;22;76
Pays de la Loire;44;Golf de Pornic;Pornic;44210;18;72;;1987;Bleu;4950;119;67.5;121;69.5;7;4;25;88
Pays de la Loire;44;Golf de Pornic;Pornic;44210;18;72;;1987;Bleu;4950;119;67.5;121;69.5;8;4;5;86
Pays de la Loire;44;Golf de Pornic;Pornic;44210;18;72;;1987;Bleu;4950;119;67.5;121;69.5;9;4;6;80
Pays de la Loire;44;Golf de Pornic;Pornic;44210;18;72;;1987;Bleu;4950;119;67.5;121;69.5;10;4;60;66
Pays de la Loire;44;Golf de Pornic;Pornic;44210;18;72;;1987;Bleu;4950;119;67.5;121;69.5;11;4;32;77
Pays de la Loire;44;Golf de Pornic;Pornic;44210;18;72;;1987;Bleu;4950;119;67.5;121;69.5;12;4;58;67
Pays de la Loire;44;Golf de Pornic;Pornic;44210;18;72;;1987;Bleu;4950;119;67.5;121;69.5;13;4;15;74
Pays de la Loire;44;Golf de Pornic;Pornic;44210;18;72;;1987;Bleu;4950;119;67.5;121;69.5;14;4;28;72
Pays de la Loire;44;Golf de Pornic;Pornic;44210;18;72;;1987;Bleu;4950;119;67.5;121;69.5;15;4;55;74
Pays de la Loire;44;Golf de Pornic;Pornic;44210;18;72;;1987;Bleu;4950;119;67.5;121;69.5;16;4;62;68
Pays de la Loire;44;Golf de Pornic;Pornic;44210;18;72;;1987;Bleu;4950;119;67.5;121;69.5;17;4;24;86
Pays de la Loire;44;Golf de Pornic;Pornic;44210;18;72;;1987;Bleu;4950;119;67.5;121;69.5;18;4;31;76
Pays de la Loire;44;Golf de Pornic;Pornic;44210;18;72;;1987;Bleu;4950;119;67.5;121;69.5;19;4;14;89
Pays de la Loire;44;Golf de Pornic;Pornic;44210;18;72;;1987;Bleu;4950;119;67.5;121;69.5;20;4;13;79
Pays de la Loire;44;Golf de Pornic;Pornic;44210;18;72;;1987;Bleu;4950;119;67.5;121;69.5;21;4;21;88
Pays de la Loire;44;Golf de Pornic;Pornic;44210;18;72;;1987;Bleu;4950;119;67.5;121;69.5;22;4;64;65
Pays de la Loire;44;Golf de Pornic;Pornic;44210;18;72;;1987;Bleu;4950;119;67.5;121;69.5;23;4;29;84
Pays de la Loire;44;Golf de Pornic;Pornic;44210;18;72;;1987;Bleu;4950;119;67.5;121;69.5;24;4;33;80
Pays de la Loire;44;Golf de Pornic;Pornic;44210;18;72;;1987;Bleu;4950;119;67.5;121;69.5;25;3;65;35
Pays de la Loire;44;Golf de Pornic;Pornic;44210;18;72;;1987;Bleu;4950;119;67.5;121;69.5;26;4;9;77
Pays de la Loire;44;Golf de Pornic;Pornic;44210;18;72;;1987;Bleu;4950;119;67.5;121;69.5;27;4;41;66
Pays de la Loire;44;Golf de Pornic;Pornic;44210;18;72;;1987;Bleu;4950;119;67.5;121;69.5;28;4;57;70
Pays de la Loire;44;Golf de Pornic;Pornic;44210;18;72;;1987;Bleu;4950;119;67.5;121;69.5;29;4;19;79
Pays de la Loire;44;Golf de Pornic;Pornic;44210;18;72;;1987;Bleu;4950;119;67.5;121;69.5;30;4;17;75
Pays de la Loire;44;Golf de Pornic;Pornic;44210;18;72;;1987;Bleu;4950;119;67.5;121;69.5;31;4;8;83
Pays de la Loire;44;Golf de Pornic;Pornic;44210;18;72;;1987;Bleu;4950;119;67.5;121;69.5;32;4;16;86
Pays de la Loire;44;Golf de Pornic;Pornic;44210;18;72;;1987;Bleu;4950;119;67.5;121;69.5;33;3;68;36
Pays de la Loire;44;Golf de Pornic;Pornic;44210;18;72;;1987;Bleu;4950;119;67.5;121;69.5;34;4;2;83
Pays de la Loire;44;Golf de Pornic;Pornic;44210;18;72;;1987;Bleu;4950;119;67.5;121;69.5;35;4;12;77
Pays de la Loire;44;Golf de Pornic;Pornic;44210;18;72;;1987;Bleu;4950;119;67.5;121;69.5;36;4;11;86
Pays de la Loire;44;Golf de Pornic;Pornic;44210;18;72;;1987;Bleu;4950;119;67.5;121;69.5;37;3;67;30
Pays de la Loire;44;Golf de Pornic;Pornic;44210;18;72;;1987;Bleu;4950;119;67.5;121;69.5;38;4;48;70
Pays de la Loire;44;Golf de Pornic;Pornic;44210;18;72;;1987;Bleu;4950;119;67.5;121;69.5;39;4;54;72
Pays de la Loire;44;Golf de Pornic;Pornic;44210;18;72;;1987;Bleu;4950;119;67.5;121;69.5;40;4;40;80
Pays de la Loire;44;Golf de Pornic;Pornic;44210;18;72;;1987;Bleu;4950;119;67.5;121;69.5;41;4;27;69
Pays de la Loire;44;Golf de Pornic;Pornic;44210;18;72;;1987;Bleu;4950;119;67.5;121;69.5;42;4;38;73
Pays de la Loire;44;Golf de Pornic;Pornic;44210;18;72;;1987;Bleu;4950;119;67.5;121;69.5;43;4;47;77
Pays de la Loire;44;Golf de Pornic;Pornic;44210;18;72;;1987;Bleu;4950;119;67.5;121;69.5;44;4;10;84
Pays de la Loire;44;Golf de Pornic;Pornic;44210;18;72;;1987;Bleu;4950;119;67.5;121;69.5;45;4;56;78
Pays de la Loire;44;Golf de Pornic;Pornic;44210;18;72;;1987;Bleu;4950;119;67.5;121;69.5;46;4;52;68
Pays de la Loire;44;Golf de Pornic;Pornic;44210;18;72;;1987;Bleu;4950;119;67.5;121;69.5;47;4;44;65
Pays de la Loire;44;Golf de Pornic;Pornic;44210;18;72;;1987;Bleu;4950;119;67.5;121;69.5;48;4;18;83
Pays de la Loire;44;Golf de Pornic;Pornic;44210;18;72;;1987;Bleu;4950;119;67.5;121;69.5;49;4;20;82
Pays de la Loire;44;Golf de Pornic;Pornic;44210;18;72;;1987;Bleu;4950;119;67.5;121;69.5;50;4;37;87
Pays de la Loire;44;Golf de Pornic;Pornic;44210;18;72;;1987;Bleu;4950;119;67.5;121;69.5;51;4;30;71
Pays de la Loire;44;Golf de Pornic;Pornic;44210;18;72;;1987;Bleu;4950;119;67.5;121;69.5;52;4;50;84
Pays de la Loire;44;Golf de Pornic;Pornic;44210;18;72;;1987;Bleu;4950;119;67.5;121;69.5;53;4;59;70
Pays de la Loire;44;Golf de Pornic;Pornic;44210;18;72;;1987;Bleu;4950;119;67.5;121;69.5;54;4;23;73
Pays de la Loire;44;Golf de Pornic;Pornic;44210;18;72;;1987;Bleu;4950;119;67.5;121;69.5;55;4;3;80
Pays de la Loire;44;Golf de Pornic;Pornic;44210;18;72;;1987;Bleu;4950;119;67.5;121;69.5;56;4;53;65
Pays de la Loire;44;Golf de Pornic;Pornic;44210;18;72;;1987;Bleu;4950;119;67.5;121;69.5;57;4;51;80
Pays de la Loire;44;Golf de Pornic;Pornic;44210;18;72;;1987;Bleu;4950;119;67.5;121;69.5;58;3;66;35
Pays de la Loire;44;Golf de Pornic;Pornic;44210;18;72;;1987;Bleu;4950;119;67.5;121;69.5;59;4;61;67
Pays de la Loire;44;Golf de Pornic;Pornic;44210;18;72;;1987;Bleu;4950;119;67.5;121;69.5;60;4;26;71
Pays de la Loire;44;Golf de Pornic;Pornic;44210;18;72;;1987;Bleu;4950;119;67.5;121;69.5;61;4;1;89
Pays de la Loire;44;Golf de Pornic;Pornic;44210;18;72;;1987;Bleu;4950;119;67.5;121;69.5;62;4;63;68
Pays de la Loire;44;Golf de Pornic;Pornic;44210;18;72;;1987;Bleu;4950;119;67.5;121;69.5;63;4;49;78
Pays de la Loire;44;Golf de Pornic;Pornic;44210;18;72;;1987;Bleu;4950;119;67.5;121;69.5;64;4;46;68
Pays de la Loire;44;Golf de Pornic;Pornic;44210;18;72;;1987;Bleu;4950;119;67.5;121;69.5;65;4;45;83
Pays de la Loire;44;Golf de Pornic;Pornic;44210;18;72;;1987;Bleu;4950;119;67.5;121;69.5;66;4;43;88
Pays de la Loire;44;Golf de Pornic;Pornic;44210;18;72;;1987;Bleu;4950;119;67.5;121;69.5;67;4;36;69
Pays de la Loire;44;Golf de Pornic;Pornic;44210;18;72;;1987;Bleu;4950;119;67.5;121;69.5;68;4;35;81
Pays de la Loire;44;Golf de Pornic;Pornic;44210;18;72;;1987;Rouge;4555;114;66.0;116;68.0;1;4;42;71
Pays de la Loire;44;Golf de Pornic;Pornic;44210;18;72;;1987;Rouge;4555;114;66.0;116;68.0;2;4;4;79
Pays de la Loire;44;Golf de Pornic;Pornic;44210;18;72;;1987;Rouge;4555;114;66.0;116;68.0;3;4;39;74
Pays de la Loire;44;Golf de Pornic;Pornic;44210;18;72;;1987;Rouge;4555;114;66.0;116;68.0;4;4;34;68
Pays de la Loire;44;Golf de Pornic;Pornic;44210;18;72;;1987;Rouge;4555;114;66.0;116;68.0;5;4;7;78
Pays de la Loire;44;Golf de Pornic;Pornic;44210;18;72;;1987;Rouge;4555;114;66.0;116;68.0;6;4;22;71
Pays de la Loire;44;Golf de Pornic;Pornic;44210;18;72;;1987;Rouge;4555;114;66.0;116;68.0;7;4;25;82
Pays de la Loire;44;Golf de Pornic;Pornic;44210;18;72;;1987;Rouge;4555;114;66.0;116;68.0;8;4;5;80
Pays de la Loire;44;Golf de Pornic;Pornic;44210;18;72;;1987;Rouge;4555;114;66.0;116;68.0;9;4;6;75
Pays de la Loire;44;Golf de Pornic;Pornic;44210;18;72;;1987;Rouge;4555;114;66.0;116;68.0;10;4;60;62
Pays de la Loire;44;Golf de Pornic;Pornic;44210;18;72;;1987;Rouge;4555;114;66.0;116;68.0;11;4;32;72
Pays de la Loire;44;Golf de Pornic;Pornic;44210;18;72;;1987;Rouge;4555;114;66.0;116;68.0;12;4;58;62
Pays de la Loire;44;Golf de Pornic;Pornic;44210;18;72;;1987;Rouge;4555;114;66.0;116;68.0;13;4;15;69
Pays de la Loire;44;Golf de Pornic;Pornic;44210;18;72;;1987;Rouge;4555;114;66.0;116;68.0;14;4;28;67
Pays de la Loire;44;Golf de Pornic;Pornic;44210;18;72;;1987;Rouge;4555;114;66.0;116;68.0;15;4;55;69
Pays de la Loire;44;Golf de Pornic;Pornic;44210;18;72;;1987;Rouge;4555;114;66.0;116;68.0;16;4;62;63
Pays de la Loire;44;Golf de Pornic;Pornic;44210;18;72;;1987;Rouge;4555;114;66.0;116;68.0;17;4;24;80
Pays de la Loire;44;Golf de Pornic;Pornic;44210;18;72;;1987;Rouge;4555;114;66.0;116;68.0;18;4;31;71
Pays de la Loire;44;Golf de Pornic;Pornic;44210;18;72;;1987;Rouge;4555;114;66.0;116;68.0;19;4;14;83
Pays de la Loire;44;Golf de Pornic;Pornic;44210;18;72;;1987;Rouge;4555;114;66.0;116;68.0;20;4;13;74
Pays de la Loire;44;Golf de Pornic;Pornic;44210;18;72;;1987;Rouge;4555;114;66.0;116;68.0;21;4;21;82
Pays de la Loire;44;Golf de Pornic;Pornic;44210;18;72;;1987;Rouge;4555;114;66.0;116;68.0;22;4;64;61
Pays de la Loire;44;Golf de Pornic;Pornic;44210;18;72;;1987;Rouge;4555;114;66.0;116;68.0;23;4;29;78
Pays de la Loire;44;Golf de Pornic;Pornic;44210;18;72;;1987;Rouge;4555;114;66.0;116;68.0;24;4;33;75
Pays de la Loire;44;Golf de Pornic;Pornic;44210;18;72;;1987;Rouge;4555;114;66.0;116;68.0;25;3;65;33
Pays de la Loire;44;Golf de Pornic;Pornic;44210;18;72;;1987;Rouge;4555;114;66.0;116;68.0;26;4;9;71
Pays de la Loire;44;Golf de Pornic;Pornic;44210;18;72;;1987;Rouge;4555;114;66.0;116;68.0;27;4;41;62
Pays de la Loire;44;Golf de Pornic;Pornic;44210;18;72;;1987;Rouge;4555;114;66.0;116;68.0;28;4;57;66
Pays de la Loire;44;Golf de Pornic;Pornic;44210;18;72;;1987;Rouge;4555;114;66.0;116;68.0;29;4;19;74
Pays de la Loire;44;Golf de Pornic;Pornic;44210;18;72;;1987;Rouge;4555;114;66.0;116;68.0;30;4;17;70
Pays de la Loire;44;Golf de Pornic;Pornic;44210;18;72;;1987;Rouge;4555;114;66.0;116;68.0;31;4;8;77
Pays de la Loire;44;Golf de Pornic;Pornic;44210;18;72;;1987;Rouge;4555;114;66.0;116;68.0;32;4;16;80
Pays de la Loire;44;Golf de Pornic;Pornic;44210;18;72;;1987;Rouge;4555;114;66.0;116;68.0;33;3;68;34
Pays de la Loire;44;Golf de Pornic;Pornic;44210;18;72;;1987;Rouge;4555;114;66.0;116;68.0;34;4;2;77
Pays de la Loire;44;Golf de Pornic;Pornic;44210;18;72;;1987;Rouge;4555;114;66.0;116;68.0;35;4;12;72
Pays de la Loire;44;Golf de Pornic;Pornic;44210;18;72;;1987;Rouge;4555;114;66.0;116;68.0;36;4;11;80
Pays de la Loire;44;Golf de Pornic;Pornic;44210;18;72;;1987;Rouge;4555;114;66.0;116;68.0;37;3;67;28
Pays de la Loire;44;Golf de Pornic;Pornic;44210;18;72;;1987;Rouge;4555;114;66.0;116;68.0;38;4;48;66
Pays de la Loire;44;Golf de Pornic;Pornic;44210;18;72;;1987;Rouge;4555;114;66.0;116;68.0;39;4;54;67
Pays de la Loire;44;Golf de Pornic;Pornic;44210;18;72;;1987;Rouge;4555;114;66.0;116;68.0;40;4;40;75
Pays de la Loire;44;Golf de Pornic;Pornic;44210;18;72;;1987;Rouge;4555;114;66.0;116;68.0;41;4;27;64
Pays de la Loire;44;Golf de Pornic;Pornic;44210;18;72;;1987;Rouge;4555;114;66.0;116;68.0;42;4;38;68
Pays de la Loire;44;Golf de Pornic;Pornic;44210;18;72;;1987;Rouge;4555;114;66.0;116;68.0;43;4;47;72
Pays de la Loire;44;Golf de Pornic;Pornic;44210;18;72;;1987;Rouge;4555;114;66.0;116;68.0;44;4;10;79
Pays de la Loire;44;Golf de Pornic;Pornic;44210;18;72;;1987;Rouge;4555;114;66.0;116;68.0;45;4;56;73
Pays de la Loire;44;Golf de Pornic;Pornic;44210;18;72;;1987;Rouge;4555;114;66.0;116;68.0;46;4;52;63
Pays de la Loire;44;Golf de Pornic;Pornic;44210;18;72;;1987;Rouge;4555;114;66.0;116;68.0;47;4;44;61
Pays de la Loire;44;Golf de Pornic;Pornic;44210;18;72;;1987;Rouge;4555;114;66.0;116;68.0;48;4;18;77
Pays de la Loire;44;Golf de Pornic;Pornic;44210;18;72;;1987;Rouge;4555;114;66.0;116;68.0;49;4;20;76
Pays de la Loire;44;Golf de Pornic;Pornic;44210;18;72;;1987;Rouge;4555;114;66.0;116;68.0;50;4;37;81
Pays de la Loire;44;Golf de Pornic;Pornic;44210;18;72;;1987;Rouge;4555;114;66.0;116;68.0;51;4;30;66
Pays de la Loire;44;Golf de Pornic;Pornic;44210;18;72;;1987;Rouge;4555;114;66.0;116;68.0;52;4;50;79
Pays de la Loire;44;Golf de Pornic;Pornic;44210;18;72;;1987;Rouge;4555;114;66.0;116;68.0;53;4;59;65
Pays de la Loire;44;Golf de Pornic;Pornic;44210;18;72;;1987;Rouge;4555;114;66.0;116;68.0;54;4;23;68
Pays de la Loire;44;Golf de Pornic;Pornic;44210;18;72;;1987;Rouge;4555;114;66.0;116;68.0;55;4;3;75
Pays de la Loire;44;Golf de Pornic;Pornic;44210;18;72;;1987;Rouge;4555;114;66.0;116;68.0;56;4;53;61
Pays de la Loire;44;Golf de Pornic;Pornic;44210;18;72;;1987;Rouge;4555;114;66.0;116;68.0;57;4;51;75
Pays de la Loire;44;Golf de Pornic;Pornic;44210;18;72;;1987;Rouge;4555;114;66.0;116;68.0;58;3;66;33
Pays de la Loire;44;Golf de Pornic;Pornic;44210;18;72;;1987;Rouge;4555;114;66.0;116;68.0;59;4;61;62
Pays de la Loire;44;Golf de Pornic;Pornic;44210;18;72;;1987;Rouge;4555;114;66.0;116;68.0;60;4;26;66
Pays de la Loire;44;Golf de Pornic;Pornic;44210;18;72;;1987;Rouge;4555;114;66.0;116;68.0;61;4;1;83
Pays de la Loire;44;Golf de Pornic;Pornic;44210;18;72;;1987;Rouge;4555;114;66.0;116;68.0;62;4;63;63
Pays de la Loire;44;Golf de Pornic;Pornic;44210;18;72;;1987;Rouge;4555;114;66.0;116;68.0;63;4;49;73
Pays de la Loire;44;Golf de Pornic;Pornic;44210;18;72;;1987;Rouge;4555;114;66.0;116;68.0;64;4;46;63
Pays de la Loire;44;Golf de Pornic;Pornic;44210;18;72;;1987;Rouge;4555;114;66.0;116;68.0;65;4;45;77
Pays de la Loire;44;Golf de Pornic;Pornic;44210;18;72;;1987;Rouge;4555;114;66.0;116;68.0;66;4;43;82
Pays de la Loire;44;Golf de Pornic;Pornic;44210;18;72;;1987;Rouge;4555;114;66.0;116;68.0;67;4;36;64
Pays de la Loire;44;Golf de Pornic;Pornic;44210;18;72;;1987;Rouge;4555;114;66.0;116;68.0;68;4;35;75
Pays de la Loire;44;Golf de Nantes Vigneux;Vigneux-de-Bretagne;44360;18;72;;1988;Blanc;5820;131;72.0;133;74.5;1;4;13;84
Pays de la Loire;44;Golf de Nantes Vigneux;Vigneux-de-Bretagne;44360;18;72;;1988;Blanc;5820;131;72.0;133;74.5;2;4;23;92
Pays de la Loire;44;Golf de Nantes Vigneux;Vigneux-de-Bretagne;44360;18;72;;1988;Blanc;5820;131;72.0;133;74.5;3;4;57;82
Pays de la Loire;44;Golf de Nantes Vigneux;Vigneux-de-Bretagne;44360;18;72;;1988;Blanc;5820;131;72.0;133;74.5;4;4;52;93
Pays de la Loire;44;Golf de Nantes Vigneux;Vigneux-de-Bretagne;44360;18;72;;1988;Blanc;5820;131;72.0;133;74.5;5;4;40;86
Pays de la Loire;44;Golf de Nantes Vigneux;Vigneux-de-Bretagne;44360;18;72;;1988;Blanc;5820;131;72.0;133;74.5;6;4;22;95
Pays de la Loire;44;Golf de Nantes Vigneux;Vigneux-de-Bretagne;44360;18;72;;1988;Blanc;5820;131;72.0;133;74.5;7;4;35;81
Pays de la Loire;44;Golf de Nantes Vigneux;Vigneux-de-Bretagne;44360;18;72;;1988;Blanc;5820;131;72.0;133;74.5;8;4;51;87
Pays de la Loire;44;Golf de Nantes Vigneux;Vigneux-de-Bretagne;44360;18;72;;1988;Blanc;5820;131;72.0;133;74.5;9;3;68;46
Pays de la Loire;44;Golf de Nantes Vigneux;Vigneux-de-Bretagne;44360;18;72;;1988;Blanc;5820;131;72.0;133;74.5;10;4;56;82
Pays de la Loire;44;Golf de Nantes Vigneux;Vigneux-de-Bretagne;44360;18;72;;1988;Blanc;5820;131;72.0;133;74.5;11;4;27;79
Pays de la Loire;44;Golf de Nantes Vigneux;Vigneux-de-Bretagne;44360;18;72;;1988;Blanc;5820;131;72.0;133;74.5;12;4;32;85
Pays de la Loire;44;Golf de Nantes Vigneux;Vigneux-de-Bretagne;44360;18;72;;1988;Blanc;5820;131;72.0;133;74.5;13;4;2;100
Pays de la Loire;44;Golf de Nantes Vigneux;Vigneux-de-Bretagne;44360;18;72;;1988;Blanc;5820;131;72.0;133;74.5;14;4;15;88
Pays de la Loire;44;Golf de Nantes Vigneux;Vigneux-de-Bretagne;44360;18;72;;1988;Blanc;5820;131;72.0;133;74.5;15;4;54;76
Pays de la Loire;44;Golf de Nantes Vigneux;Vigneux-de-Bretagne;44360;18;72;;1988;Blanc;5820;131;72.0;133;74.5;16;4;55;80
Pays de la Loire;44;Golf de Nantes Vigneux;Vigneux-de-Bretagne;44360;18;72;;1988;Blanc;5820;131;72.0;133;74.5;17;4;46;85
Pays de la Loire;44;Golf de Nantes Vigneux;Vigneux-de-Bretagne;44360;18;72;;1988;Blanc;5820;131;72.0;133;74.5;18;4;12;91
Pays de la Loire;44;Golf de Nantes Vigneux;Vigneux-de-Bretagne;44360;18;72;;1988;Blanc;5820;131;72.0;133;74.5;19;4;44;84
Pays de la Loire;44;Golf de Nantes Vigneux;Vigneux-de-Bretagne;44360;18;72;;1988;Blanc;5820;131;72.0;133;74.5;20;4;29;91
Pays de la Loire;44;Golf de Nantes Vigneux;Vigneux-de-Bretagne;44360;18;72;;1988;Blanc;5820;131;72.0;133;74.5;21;4;59;82
Pays de la Loire;44;Golf de Nantes Vigneux;Vigneux-de-Bretagne;44360;18;72;;1988;Blanc;5820;131;72.0;133;74.5;22;4;5;95
Pays de la Loire;44;Golf de Nantes Vigneux;Vigneux-de-Bretagne;44360;18;72;;1988;Blanc;5820;131;72.0;133;74.5;23;4;60;82
Pays de la Loire;44;Golf de Nantes Vigneux;Vigneux-de-Bretagne;44360;18;72;;1988;Blanc;5820;131;72.0;133;74.5;24;4;62;73
Pays de la Loire;44;Golf de Nantes Vigneux;Vigneux-de-Bretagne;44360;18;72;;1988;Blanc;5820;131;72.0;133;74.5;25;4;26;99
Pays de la Loire;44;Golf de Nantes Vigneux;Vigneux-de-Bretagne;44360;18;72;;1988;Blanc;5820;131;72.0;133;74.5;26;4;16;94
Pays de la Loire;44;Golf de Nantes Vigneux;Vigneux-de-Bretagne;44360;18;72;;1988;Blanc;5820;131;72.0;133;74.5;27;4;14;85
Pays de la Loire;44;Golf de Nantes Vigneux;Vigneux-de-Bretagne;44360;18;72;;1988;Blanc;5820;131;72.0;133;74.5;28;4;37;82
Pays de la Loire;44;Golf de Nantes Vigneux;Vigneux-de-Bretagne;44360;18;72;;1988;Blanc;5820;131;72.0;133;74.5;29;4;64;73
Pays de la Loire;44;Golf de Nantes Vigneux;Vigneux-de-Bretagne;44360;18;72;;1988;Blanc;5820;131;72.0;133;74.5;30;4;19;91
Pays de la Loire;44;Golf de Nantes Vigneux;Vigneux-de-Bretagne;44360;18;72;;1988;Blanc;5820;131;72.0;133;74.5;31;4;48;100
Pays de la Loire;44;Golf de Nantes Vigneux;Vigneux-de-Bretagne;44360;18;72;;1988;Blanc;5820;131;72.0;133;74.5;32;4;31;95
Pays de la Loire;44;Golf de Nantes Vigneux;Vigneux-de-Bretagne;44360;18;72;;1988;Blanc;5820;131;72.0;133;74.5;33;4;3;98
Pays de la Loire;44;Golf de Nantes Vigneux;Vigneux-de-Bretagne;44360;18;72;;1988;Blanc;5820;131;72.0;133;74.5;34;4;39;97
Pays de la Loire;44;Golf de Nantes Vigneux;Vigneux-de-Bretagne;44360;18;72;;1988;Blanc;5820;131;72.0;133;74.5;35;3;67;33
Pays de la Loire;44;Golf de Nantes Vigneux;Vigneux-de-Bretagne;44360;18;72;;1988;Blanc;5820;131;72.0;133;74.5;36;4;21;92
Pays de la Loire;44;Golf de Nantes Vigneux;Vigneux-de-Bretagne;44360;18;72;;1988;Blanc;5820;131;72.0;133;74.5;37;4;25;97
Pays de la Loire;44;Golf de Nantes Vigneux;Vigneux-de-Bretagne;44360;18;72;;1988;Blanc;5820;131;72.0;133;74.5;38;3;65;40
Pays de la Loire;44;Golf de Nantes Vigneux;Vigneux-de-Bretagne;44360;18;72;;1988;Blanc;5820;131;72.0;133;74.5;39;4;8;99
Pays de la Loire;44;Golf de Nantes Vigneux;Vigneux-de-Bretagne;44360;18;72;;1988;Blanc;5820;131;72.0;133;74.5;40;4;10;82
Pays de la Loire;44;Golf de Nantes Vigneux;Vigneux-de-Bretagne;44360;18;72;;1988;Blanc;5820;131;72.0;133;74.5;41;4;11;98
Pays de la Loire;44;Golf de Nantes Vigneux;Vigneux-de-Bretagne;44360;18;72;;1988;Blanc;5820;131;72.0;133;74.5;42;4;38;98
Pays de la Loire;44;Golf de Nantes Vigneux;Vigneux-de-Bretagne;44360;18;72;;1988;Blanc;5820;131;72.0;133;74.5;43;4;53;80
Pays de la Loire;44;Golf de Nantes Vigneux;Vigneux-de-Bretagne;44360;18;72;;1988;Blanc;5820;131;72.0;133;74.5;44;4;9;92
Pays de la Loire;44;Golf de Nantes Vigneux;Vigneux-de-Bretagne;44360;18;72;;1988;Blanc;5820;131;72.0;133;74.5;45;4;50;98
Pays de la Loire;44;Golf de Nantes Vigneux;Vigneux-de-Bretagne;44360;18;72;;1988;Blanc;5820;131;72.0;133;74.5;46;4;7;84
Pays de la Loire;44;Golf de Nantes Vigneux;Vigneux-de-Bretagne;44360;18;72;;1988;Blanc;5820;131;72.0;133;74.5;47;4;20;80
Pays de la Loire;44;Golf de Nantes Vigneux;Vigneux-de-Bretagne;44360;18;72;;1988;Blanc;5820;131;72.0;133;74.5;48;4;24;93
Pays de la Loire;44;Golf de Nantes Vigneux;Vigneux-de-Bretagne;44360;18;72;;1988;Blanc;5820;131;72.0;133;74.5;49;4;17;79
Pays de la Loire;44;Golf de Nantes Vigneux;Vigneux-de-Bretagne;44360;18;72;;1988;Blanc;5820;131;72.0;133;74.5;50;4;34;93
Pays de la Loire;44;Golf de Nantes Vigneux;Vigneux-de-Bretagne;44360;18;72;;1988;Blanc;5820;131;72.0;133;74.5;51;4;61;81
Pays de la Loire;44;Golf de Nantes Vigneux;Vigneux-de-Bretagne;44360;18;72;;1988;Blanc;5820;131;72.0;133;74.5;52;4;1;94
Pays de la Loire;44;Golf de Nantes Vigneux;Vigneux-de-Bretagne;44360;18;72;;1988;Blanc;5820;131;72.0;133;74.5;53;4;4;97
Pays de la Loire;44;Golf de Nantes Vigneux;Vigneux-de-Bretagne;44360;18;72;;1988;Blanc;5820;131;72.0;133;74.5;54;3;66;44
Pays de la Loire;44;Golf de Nantes Vigneux;Vigneux-de-Bretagne;44360;18;72;;1988;Blanc;5820;131;72.0;133;74.5;55;4;6;97
Pays de la Loire;44;Golf de Nantes Vigneux;Vigneux-de-Bretagne;44360;18;72;;1988;Blanc;5820;131;72.0;133;74.5;56;4;45;94
Pays de la Loire;44;Golf de Nantes Vigneux;Vigneux-de-Bretagne;44360;18;72;;1988;Blanc;5820;131;72.0;133;74.5;57;4;41;95
Pays de la Loire;44;Golf de Nantes Vigneux;Vigneux-de-Bretagne;44360;18;72;;1988;Blanc;5820;131;72.0;133;74.5;58;4;43;100
Pays de la Loire;44;Golf de Nantes Vigneux;Vigneux-de-Bretagne;44360;18;72;;1988;Blanc;5820;131;72.0;133;74.5;59;4;63;77
Pays de la Loire;44;Golf de Nantes Vigneux;Vigneux-de-Bretagne;44360;18;72;;1988;Blanc;5820;131;72.0;133;74.5;60;4;28;93
Pays de la Loire;44;Golf de Nantes Vigneux;Vigneux-de-Bretagne;44360;18;72;;1988;Blanc;5820;131;72.0;133;74.5;61;4;33;76
Pays de la Loire;44;Golf de Nantes Vigneux;Vigneux-de-Bretagne;44360;18;72;;1988;Blanc;5820;131;72.0;133;74.5;62;4;47;93
Pays de la Loire;44;Golf de Nantes Vigneux;Vigneux-de-Bretagne;44360;18;72;;1988;Blanc;5820;131;72.0;133;74.5;63;4;49;93
Pays de la Loire;44;Golf de Nantes Vigneux;Vigneux-de-Bretagne;44360;18;72;;1988;Blanc;5820;131;72.0;133;74.5;64;4;58;74
Pays de la Loire;44;Golf de Nantes Vigneux;Vigneux-de-Bretagne;44360;18;72;;1988;Blanc;5820;131;72.0;133;74.5;65;4;18;83
Pays de la Loire;44;Golf de Nantes Vigneux;Vigneux-de-Bretagne;44360;18;72;;1988;Blanc;5820;131;72.0;133;74.5;66;4;36;98
Pays de la Loire;44;Golf de Nantes Vigneux;Vigneux-de-Bretagne;44360;18;72;;1988;Blanc;5820;131;72.0;133;74.5;67;4;30;87
Pays de la Loire;44;Golf de Nantes Vigneux;Vigneux-de-Bretagne;44360;18;72;;1988;Blanc;5820;131;72.0;133;74.5;68;4;42;73
Pays de la Loire;44;Golf de Nantes Vigneux;Vigneux-de-Bretagne;44360;18;72;;1988;Jaune;5483;126;70.2;128;72.5;1;4;13;79
Pays de la Loire;44;Golf de Nantes Vigneux;Vigneux-de-Bretagne;44360;18;72;;1988;Jaune;5483;126;70.2;128;72.5;2;4;23;86
Pays de la Loire;44;Golf de Nantes Vigneux;Vigneux-de-Bretagne;44360;18;72;;1988;Jaune;5483;126;70.2;128;72.5;3;4;57;77
Pays de la Loire;44;Golf de Nantes Vigneux;Vigneux-de-Bretagne;44360;18;72;;1988;Jaune;5483;126;70.2;128;72.5;4;4;52;87
Pays de la Loire;44;Golf de Nantes Vigneux;Vigneux-de-Bretagne;44360;18;72;;1988;Jaune;5483;126;70.2;128;72.5;5;4;40;81
Pays de la Loire;44;Golf de Nantes Vigneux;Vigneux-de-Bretagne;44360;18;72;;1988;Jaune;5483;126;70.2;128;72.5;6;4;22;89
Pays de la Loire;44;Golf de Nantes Vigneux;Vigneux-de-Bretagne;44360;18;72;;1988;Jaune;5483;126;70.2;128;72.5;7;4;35;76
Pays de la Loire;44;Golf de Nantes Vigneux;Vigneux-de-Bretagne;44360;18;72;;1988;Jaune;5483;126;70.2;128;72.5;8;4;51;82
Pays de la Loire;44;Golf de Nantes Vigneux;Vigneux-de-Bretagne;44360;18;72;;1988;Jaune;5483;126;70.2;128;72.5;9;3;68;43
Pays de la Loire;44;Golf de Nantes Vigneux;Vigneux-de-Bretagne;44360;18;72;;1988;Jaune;5483;126;70.2;128;72.5;10;4;56;77
Pays de la Loire;44;Golf de Nantes Vigneux;Vigneux-de-Bretagne;44360;18;72;;1988;Jaune;5483;126;70.2;128;72.5;11;4;27;74
Pays de la Loire;44;Golf de Nantes Vigneux;Vigneux-de-Bretagne;44360;18;72;;1988;Jaune;5483;126;70.2;128;72.5;12;4;32;80
Pays de la Loire;44;Golf de Nantes Vigneux;Vigneux-de-Bretagne;44360;18;72;;1988;Jaune;5483;126;70.2;128;72.5;13;4;2;94
Pays de la Loire;44;Golf de Nantes Vigneux;Vigneux-de-Bretagne;44360;18;72;;1988;Jaune;5483;126;70.2;128;72.5;14;4;15;83
Pays de la Loire;44;Golf de Nantes Vigneux;Vigneux-de-Bretagne;44360;18;72;;1988;Jaune;5483;126;70.2;128;72.5;15;4;54;71
Pays de la Loire;44;Golf de Nantes Vigneux;Vigneux-de-Bretagne;44360;18;72;;1988;Jaune;5483;126;70.2;128;72.5;16;4;55;75
Pays de la Loire;44;Golf de Nantes Vigneux;Vigneux-de-Bretagne;44360;18;72;;1988;Jaune;5483;126;70.2;128;72.5;17;4;46;80
Pays de la Loire;44;Golf de Nantes Vigneux;Vigneux-de-Bretagne;44360;18;72;;1988;Jaune;5483;126;70.2;128;72.5;18;4;12;86
Pays de la Loire;44;Golf de Nantes Vigneux;Vigneux-de-Bretagne;44360;18;72;;1988;Jaune;5483;126;70.2;128;72.5;19;4;44;79
Pays de la Loire;44;Golf de Nantes Vigneux;Vigneux-de-Bretagne;44360;18;72;;1988;Jaune;5483;126;70.2;128;72.5;20;4;29;86
Pays de la Loire;44;Golf de Nantes Vigneux;Vigneux-de-Bretagne;44360;18;72;;1988;Jaune;5483;126;70.2;128;72.5;21;4;59;77
Pays de la Loire;44;Golf de Nantes Vigneux;Vigneux-de-Bretagne;44360;18;72;;1988;Jaune;5483;126;70.2;128;72.5;22;4;5;89
Pays de la Loire;44;Golf de Nantes Vigneux;Vigneux-de-Bretagne;44360;18;72;;1988;Jaune;5483;126;70.2;128;72.5;23;4;60;77
Pays de la Loire;44;Golf de Nantes Vigneux;Vigneux-de-Bretagne;44360;18;72;;1988;Jaune;5483;126;70.2;128;72.5;24;4;62;69
Pays de la Loire;44;Golf de Nantes Vigneux;Vigneux-de-Bretagne;44360;18;72;;1988;Jaune;5483;126;70.2;128;72.5;25;4;26;93
Pays de la Loire;44;Golf de Nantes Vigneux;Vigneux-de-Bretagne;44360;18;72;;1988;Jaune;5483;126;70.2;128;72.5;26;4;16;88
Pays de la Loire;44;Golf de Nantes Vigneux;Vigneux-de-Bretagne;44360;18;72;;1988;Jaune;5483;126;70.2;128;72.5;27;4;14;80
Pays de la Loire;44;Golf de Nantes Vigneux;Vigneux-de-Bretagne;44360;18;72;;1988;Jaune;5483;126;70.2;128;72.5;28;4;37;77
Pays de la Loire;44;Golf de Nantes Vigneux;Vigneux-de-Bretagne;44360;18;72;;1988;Jaune;5483;126;70.2;128;72.5;29;4;64;69
Pays de la Loire;44;Golf de Nantes Vigneux;Vigneux-de-Bretagne;44360;18;72;;1988;Jaune;5483;126;70.2;128;72.5;30;4;19;86
Pays de la Loire;44;Golf de Nantes Vigneux;Vigneux-de-Bretagne;44360;18;72;;1988;Jaune;5483;126;70.2;128;72.5;31;4;48;94
Pays de la Loire;44;Golf de Nantes Vigneux;Vigneux-de-Bretagne;44360;18;72;;1988;Jaune;5483;126;70.2;128;72.5;32;4;31;89
Pays de la Loire;44;Golf de Nantes Vigneux;Vigneux-de-Bretagne;44360;18;72;;1988;Jaune;5483;126;70.2;128;72.5;33;4;3;92
Pays de la Loire;44;Golf de Nantes Vigneux;Vigneux-de-Bretagne;44360;18;72;;1988;Jaune;5483;126;70.2;128;72.5;34;4;39;91
Pays de la Loire;44;Golf de Nantes Vigneux;Vigneux-de-Bretagne;44360;18;72;;1988;Jaune;5483;126;70.2;128;72.5;35;3;67;31
Pays de la Loire;44;Golf de Nantes Vigneux;Vigneux-de-Bretagne;44360;18;72;;1988;Jaune;5483;126;70.2;128;72.5;36;4;21;86
Pays de la Loire;44;Golf de Nantes Vigneux;Vigneux-de-Bretagne;44360;18;72;;1988;Jaune;5483;126;70.2;128;72.5;37;4;25;91
Pays de la Loire;44;Golf de Nantes Vigneux;Vigneux-de-Bretagne;44360;18;72;;1988;Jaune;5483;126;70.2;128;72.5;38;3;65;38
Pays de la Loire;44;Golf de Nantes Vigneux;Vigneux-de-Bretagne;44360;18;72;;1988;Jaune;5483;126;70.2;128;72.5;39;4;8;93
Pays de la Loire;44;Golf de Nantes Vigneux;Vigneux-de-Bretagne;44360;18;72;;1988;Jaune;5483;126;70.2;128;72.5;40;4;10;77
Pays de la Loire;44;Golf de Nantes Vigneux;Vigneux-de-Bretagne;44360;18;72;;1988;Jaune;5483;126;70.2;128;72.5;41;4;11;92
Pays de la Loire;44;Golf de Nantes Vigneux;Vigneux-de-Bretagne;44360;18;72;;1988;Jaune;5483;126;70.2;128;72.5;42;4;38;92
Pays de la Loire;44;Golf de Nantes Vigneux;Vigneux-de-Bretagne;44360;18;72;;1988;Jaune;5483;126;70.2;128;72.5;43;4;53;75
Pays de la Loire;44;Golf de Nantes Vigneux;Vigneux-de-Bretagne;44360;18;72;;1988;Jaune;5483;126;70.2;128;72.5;44;4;9;86
Pays de la Loire;44;Golf de Nantes Vigneux;Vigneux-de-Bretagne;44360;18;72;;1988;Jaune;5483;126;70.2;128;72.5;45;4;50;92
Pays de la Loire;44;Golf de Nantes Vigneux;Vigneux-de-Bretagne;44360;18;72;;1988;Jaune;5483;126;70.2;128;72.5;46;4;7;79
Pays de la Loire;44;Golf de Nantes Vigneux;Vigneux-de-Bretagne;44360;18;72;;1988;Jaune;5483;126;70.2;128;72.5;47;4;20;75
Pays de la Loire;44;Golf de Nantes Vigneux;Vigneux-de-Bretagne;44360;18;72;;1988;Jaune;5483;126;70.2;128;72.5;48;4;24;87
Pays de la Loire;44;Golf de Nantes Vigneux;Vigneux-de-Bretagne;44360;18;72;;1988;Jaune;5483;126;70.2;128;72.5;49;4;17;74
Pays de la Loire;44;Golf de Nantes Vigneux;Vigneux-de-Bretagne;44360;18;72;;1988;Jaune;5483;126;70.2;128;72.5;50;4;34;87
Pays de la Loire;44;Golf de Nantes Vigneux;Vigneux-de-Bretagne;44360;18;72;;1988;Jaune;5483;126;70.2;128;72.5;51;4;61;76
Pays de la Loire;44;Golf de Nantes Vigneux;Vigneux-de-Bretagne;44360;18;72;;1988;Jaune;5483;126;70.2;128;72.5;52;4;1;88
Pays de la Loire;44;Golf de Nantes Vigneux;Vigneux-de-Bretagne;44360;18;72;;1988;Jaune;5483;126;70.2;128;72.5;53;4;4;91
Pays de la Loire;44;Golf de Nantes Vigneux;Vigneux-de-Bretagne;44360;18;72;;1988;Jaune;5483;126;70.2;128;72.5;54;3;66;41
Pays de la Loire;44;Golf de Nantes Vigneux;Vigneux-de-Bretagne;44360;18;72;;1988;Jaune;5483;126;70.2;128;72.5;55;4;6;91
Pays de la Loire;44;Golf de Nantes Vigneux;Vigneux-de-Bretagne;44360;18;72;;1988;Jaune;5483;126;70.2;128;72.5;56;4;45;88
Pays de la Loire;44;Golf de Nantes Vigneux;Vigneux-de-Bretagne;44360;18;72;;1988;Jaune;5483;126;70.2;128;72.5;57;4;41;89
Pays de la Loire;44;Golf de Nantes Vigneux;Vigneux-de-Bretagne;44360;18;72;;1988;Jaune;5483;126;70.2;128;72.5;58;4;43;94
Pays de la Loire;44;Golf de Nantes Vigneux;Vigneux-de-Bretagne;44360;18;72;;1988;Jaune;5483;126;70.2;128;72.5;59;4;63;72
Pays de la Loire;44;Golf de Nantes Vigneux;Vigneux-de-Bretagne;44360;18;72;;1988;Jaune;5483;126;70.2;128;72.5;60;4;28;87
Pays de la Loire;44;Golf de Nantes Vigneux;Vigneux-de-Bretagne;44360;18;72;;1988;Jaune;5483;126;70.2;128;72.5;61;4;33;71
Pays de la Loire;44;Golf de Nantes Vigneux;Vigneux-de-Bretagne;44360;18;72;;1988;Jaune;5483;126;70.2;128;72.5;62;4;47;87
Pays de la Loire;44;Golf de Nantes Vigneux;Vigneux-de-Bretagne;44360;18;72;;1988;Jaune;5483;126;70.2;128;72.5;63;4;49;87
Pays de la Loire;44;Golf de Nantes Vigneux;Vigneux-de-Bretagne;44360;18;72;;1988;Jaune;5483;126;70.2;128;72.5;64;4;58;70
Pays de la Loire;44;Golf de Nantes Vigneux;Vigneux-de-Bretagne;44360;18;72;;1988;Jaune;5483;126;70.2;128;72.5;65;4;18;78
Pays de la Loire;44;Golf de Nantes Vigneux;Vigneux-de-Bretagne;44360;18;72;;1988;Jaune;5483;126;70.2;128;72.5;66;4;36;92
Pays de la Loire;44;Golf de Nantes Vigneux;Vigneux-de-Bretagne;44360;18;72;;1988;Jaune;5483;126;70.2;128;72.5;67;4;30;82
Pays de la Loire;44;Golf de Nantes Vigneux;Vigneux-de-Bretagne;44360;18;72;;1988;Jaune;5483;126;70.2;128;72.5;68;4;42;69
Pays de la Loire;44;Golf de Nantes Vigneux;Vigneux-de-Bretagne;44360;18;72;;1988;Bleu;5003;120;68.5;122;70.5;1;4;13;74
Pays de la Loire;44;Golf de Nantes Vigneux;Vigneux-de-Bretagne;44360;18;72;;1988;Bleu;5003;120;68.5;122;70.5;2;4;23;81
Pays de la Loire;44;Golf de Nantes Vigneux;Vigneux-de-Bretagne;44360;18;72;;1988;Bleu;5003;120;68.5;122;70.5;3;4;57;72
Pays de la Loire;44;Golf de Nantes Vigneux;Vigneux-de-Bretagne;44360;18;72;;1988;Bleu;5003;120;68.5;122;70.5;4;4;52;82
Pays de la Loire;44;Golf de Nantes Vigneux;Vigneux-de-Bretagne;44360;18;72;;1988;Bleu;5003;120;68.5;122;70.5;5;4;40;76
Pays de la Loire;44;Golf de Nantes Vigneux;Vigneux-de-Bretagne;44360;18;72;;1988;Bleu;5003;120;68.5;122;70.5;6;4;22;84
Pays de la Loire;44;Golf de Nantes Vigneux;Vigneux-de-Bretagne;44360;18;72;;1988;Bleu;5003;120;68.5;122;70.5;7;4;35;71
Pays de la Loire;44;Golf de Nantes Vigneux;Vigneux-de-Bretagne;44360;18;72;;1988;Bleu;5003;120;68.5;122;70.5;8;4;51;77
Pays de la Loire;44;Golf de Nantes Vigneux;Vigneux-de-Bretagne;44360;18;72;;1988;Bleu;5003;120;68.5;122;70.5;9;3;68;40
Pays de la Loire;44;Golf de Nantes Vigneux;Vigneux-de-Bretagne;44360;18;72;;1988;Bleu;5003;120;68.5;122;70.5;10;4;56;72
Pays de la Loire;44;Golf de Nantes Vigneux;Vigneux-de-Bretagne;44360;18;72;;1988;Bleu;5003;120;68.5;122;70.5;11;4;27;70
Pays de la Loire;44;Golf de Nantes Vigneux;Vigneux-de-Bretagne;44360;18;72;;1988;Bleu;5003;120;68.5;122;70.5;12;4;32;75
Pays de la Loire;44;Golf de Nantes Vigneux;Vigneux-de-Bretagne;44360;18;72;;1988;Bleu;5003;120;68.5;122;70.5;13;4;2;88
Pays de la Loire;44;Golf de Nantes Vigneux;Vigneux-de-Bretagne;44360;18;72;;1988;Bleu;5003;120;68.5;122;70.5;14;4;15;77
Pays de la Loire;44;Golf de Nantes Vigneux;Vigneux-de-Bretagne;44360;18;72;;1988;Bleu;5003;120;68.5;122;70.5;15;4;54;67
Pays de la Loire;44;Golf de Nantes Vigneux;Vigneux-de-Bretagne;44360;18;72;;1988;Bleu;5003;120;68.5;122;70.5;16;4;55;70
Pays de la Loire;44;Golf de Nantes Vigneux;Vigneux-de-Bretagne;44360;18;72;;1988;Bleu;5003;120;68.5;122;70.5;17;4;46;75
Pays de la Loire;44;Golf de Nantes Vigneux;Vigneux-de-Bretagne;44360;18;72;;1988;Bleu;5003;120;68.5;122;70.5;18;4;12;80
Pays de la Loire;44;Golf de Nantes Vigneux;Vigneux-de-Bretagne;44360;18;72;;1988;Bleu;5003;120;68.5;122;70.5;19;4;44;74
Pays de la Loire;44;Golf de Nantes Vigneux;Vigneux-de-Bretagne;44360;18;72;;1988;Bleu;5003;120;68.5;122;70.5;20;4;29;80
Pays de la Loire;44;Golf de Nantes Vigneux;Vigneux-de-Bretagne;44360;18;72;;1988;Bleu;5003;120;68.5;122;70.5;21;4;59;72
Pays de la Loire;44;Golf de Nantes Vigneux;Vigneux-de-Bretagne;44360;18;72;;1988;Bleu;5003;120;68.5;122;70.5;22;4;5;84
Pays de la Loire;44;Golf de Nantes Vigneux;Vigneux-de-Bretagne;44360;18;72;;1988;Bleu;5003;120;68.5;122;70.5;23;4;60;72
Pays de la Loire;44;Golf de Nantes Vigneux;Vigneux-de-Bretagne;44360;18;72;;1988;Bleu;5003;120;68.5;122;70.5;24;4;62;64
Pays de la Loire;44;Golf de Nantes Vigneux;Vigneux-de-Bretagne;44360;18;72;;1988;Bleu;5003;120;68.5;122;70.5;25;4;26;87
Pays de la Loire;44;Golf de Nantes Vigneux;Vigneux-de-Bretagne;44360;18;72;;1988;Bleu;5003;120;68.5;122;70.5;26;4;16;83
Pays de la Loire;44;Golf de Nantes Vigneux;Vigneux-de-Bretagne;44360;18;72;;1988;Bleu;5003;120;68.5;122;70.5;27;4;14;75
Pays de la Loire;44;Golf de Nantes Vigneux;Vigneux-de-Bretagne;44360;18;72;;1988;Bleu;5003;120;68.5;122;70.5;28;4;37;72
Pays de la Loire;44;Golf de Nantes Vigneux;Vigneux-de-Bretagne;44360;18;72;;1988;Bleu;5003;120;68.5;122;70.5;29;4;64;64
Pays de la Loire;44;Golf de Nantes Vigneux;Vigneux-de-Bretagne;44360;18;72;;1988;Bleu;5003;120;68.5;122;70.5;30;4;19;80
Pays de la Loire;44;Golf de Nantes Vigneux;Vigneux-de-Bretagne;44360;18;72;;1988;Bleu;5003;120;68.5;122;70.5;31;4;48;88
Pays de la Loire;44;Golf de Nantes Vigneux;Vigneux-de-Bretagne;44360;18;72;;1988;Bleu;5003;120;68.5;122;70.5;32;4;31;84
Pays de la Loire;44;Golf de Nantes Vigneux;Vigneux-de-Bretagne;44360;18;72;;1988;Bleu;5003;120;68.5;122;70.5;33;4;3;86
Pays de la Loire;44;Golf de Nantes Vigneux;Vigneux-de-Bretagne;44360;18;72;;1988;Bleu;5003;120;68.5;122;70.5;34;4;39;85
Pays de la Loire;44;Golf de Nantes Vigneux;Vigneux-de-Bretagne;44360;18;72;;1988;Bleu;5003;120;68.5;122;70.5;35;3;67;29
Pays de la Loire;44;Golf de Nantes Vigneux;Vigneux-de-Bretagne;44360;18;72;;1988;Bleu;5003;120;68.5;122;70.5;36;4;21;81
Pays de la Loire;44;Golf de Nantes Vigneux;Vigneux-de-Bretagne;44360;18;72;;1988;Bleu;5003;120;68.5;122;70.5;37;4;25;85
Pays de la Loire;44;Golf de Nantes Vigneux;Vigneux-de-Bretagne;44360;18;72;;1988;Bleu;5003;120;68.5;122;70.5;38;3;65;35
Pays de la Loire;44;Golf de Nantes Vigneux;Vigneux-de-Bretagne;44360;18;72;;1988;Bleu;5003;120;68.5;122;70.5;39;4;8;87
Pays de la Loire;44;Golf de Nantes Vigneux;Vigneux-de-Bretagne;44360;18;72;;1988;Bleu;5003;120;68.5;122;70.5;40;4;10;72
Pays de la Loire;44;Golf de Nantes Vigneux;Vigneux-de-Bretagne;44360;18;72;;1988;Bleu;5003;120;68.5;122;70.5;41;4;11;86
Pays de la Loire;44;Golf de Nantes Vigneux;Vigneux-de-Bretagne;44360;18;72;;1988;Bleu;5003;120;68.5;122;70.5;42;4;38;86
Pays de la Loire;44;Golf de Nantes Vigneux;Vigneux-de-Bretagne;44360;18;72;;1988;Bleu;5003;120;68.5;122;70.5;43;4;53;70
Pays de la Loire;44;Golf de Nantes Vigneux;Vigneux-de-Bretagne;44360;18;72;;1988;Bleu;5003;120;68.5;122;70.5;44;4;9;81
Pays de la Loire;44;Golf de Nantes Vigneux;Vigneux-de-Bretagne;44360;18;72;;1988;Bleu;5003;120;68.5;122;70.5;45;4;50;86
Pays de la Loire;44;Golf de Nantes Vigneux;Vigneux-de-Bretagne;44360;18;72;;1988;Bleu;5003;120;68.5;122;70.5;46;4;7;74
Pays de la Loire;44;Golf de Nantes Vigneux;Vigneux-de-Bretagne;44360;18;72;;1988;Bleu;5003;120;68.5;122;70.5;47;4;20;70
Pays de la Loire;44;Golf de Nantes Vigneux;Vigneux-de-Bretagne;44360;18;72;;1988;Bleu;5003;120;68.5;122;70.5;48;4;24;82
Pays de la Loire;44;Golf de Nantes Vigneux;Vigneux-de-Bretagne;44360;18;72;;1988;Bleu;5003;120;68.5;122;70.5;49;4;17;70
Pays de la Loire;44;Golf de Nantes Vigneux;Vigneux-de-Bretagne;44360;18;72;;1988;Bleu;5003;120;68.5;122;70.5;50;4;34;82
Pays de la Loire;44;Golf de Nantes Vigneux;Vigneux-de-Bretagne;44360;18;72;;1988;Bleu;5003;120;68.5;122;70.5;51;4;61;71
Pays de la Loire;44;Golf de Nantes Vigneux;Vigneux-de-Bretagne;44360;18;72;;1988;Bleu;5003;120;68.5;122;70.5;52;4;1;83
Pays de la Loire;44;Golf de Nantes Vigneux;Vigneux-de-Bretagne;44360;18;72;;1988;Bleu;5003;120;68.5;122;70.5;53;4;4;85
Pays de la Loire;44;Golf de Nantes Vigneux;Vigneux-de-Bretagne;44360;18;72;;1988;Bleu;5003;120;68.5;122;70.5;54;3;66;39
Pays de la Loire;44;Golf de Nantes Vigneux;Vigneux-de-Bretagne;44360;18;72;;1988;Bleu;5003;120;68.5;122;70.5;55;4;6;85
Pays de la Loire;44;Golf de Nantes Vigneux;Vigneux-de-Bretagne;44360;18;72;;1988;Bleu;5003;120;68.5;122;70.5;56;4;45;83
Pays de la Loire;44;Golf de Nantes Vigneux;Vigneux-de-Bretagne;44360;18;72;;1988;Bleu;5003;120;68.5;122;70.5;57;4;41;84
Pays de la Loire;44;Golf de Nantes Vigneux;Vigneux-de-Bretagne;44360;18;72;;1988;Bleu;5003;120;68.5;122;70.5;58;4;43;88
Pays de la Loire;44;Golf de Nantes Vigneux;Vigneux-de-Bretagne;44360;18;72;;1988;Bleu;5003;120;68.5;122;70.5;59;4;63;68
Pays de la Loire;44;Golf de Nantes Vigneux;Vigneux-de-Bretagne;44360;18;72;;1988;Bleu;5003;120;68.5;122;70.5;60;4;28;82
Pays de la Loire;44;Golf de Nantes Vigneux;Vigneux-de-Bretagne;44360;18;72;;1988;Bleu;5003;120;68.5;122;70.5;61;4;33;67
Pays de la Loire;44;Golf de Nantes Vigneux;Vigneux-de-Bretagne;44360;18;72;;1988;Bleu;5003;120;68.5;122;70.5;62;4;47;82
Pays de la Loire;44;Golf de Nantes Vigneux;Vigneux-de-Bretagne;44360;18;72;;1988;Bleu;5003;120;68.5;122;70.5;63;4;49;82
Pays de la Loire;44;Golf de Nantes Vigneux;Vigneux-de-Bretagne;44360;18;72;;1988;Bleu;5003;120;68.5;122;70.5;64;4;58;65
Pays de la Loire;44;Golf de Nantes Vigneux;Vigneux-de-Bretagne;44360;18;72;;1988;Bleu;5003;120;68.5;122;70.5;65;4;18;73
Pays de la Loire;44;Golf de Nantes Vigneux;Vigneux-de-Bretagne;44360;18;72;;1988;Bleu;5003;120;68.5;122;70.5;66;4;36;86
Pays de la Loire;44;Golf de Nantes Vigneux;Vigneux-de-Bretagne;44360;18;72;;1988;Bleu;5003;120;68.5;122;70.5;67;4;30;77
Pays de la Loire;44;Golf de Nantes Vigneux;Vigneux-de-Bretagne;44360;18;72;;1988;Bleu;5003;120;68.5;122;70.5;68;4;42;64
Pays de la Loire;44;Golf de Nantes Vigneux;Vigneux-de-Bretagne;44360;18;72;;1988;Rouge;4582;115;66.5;117;68.5;1;4;13;69
Pays de la Loire;44;Golf de Nantes Vigneux;Vigneux-de-Bretagne;44360;18;72;;1988;Rouge;4582;115;66.5;117;68.5;2;4;23;75
Pays de la Loire;44;Golf de Nantes Vigneux;Vigneux-de-Bretagne;44360;18;72;;1988;Rouge;4582;115;66.5;117;68.5;3;4;57;67
Pays de la Loire;44;Golf de Nantes Vigneux;Vigneux-de-Bretagne;44360;18;72;;1988;Rouge;4582;115;66.5;117;68.5;4;4;52;76
Pays de la Loire;44;Golf de Nantes Vigneux;Vigneux-de-Bretagne;44360;18;72;;1988;Rouge;4582;115;66.5;117;68.5;5;4;40;71
Pays de la Loire;44;Golf de Nantes Vigneux;Vigneux-de-Bretagne;44360;18;72;;1988;Rouge;4582;115;66.5;117;68.5;6;4;22;78
Pays de la Loire;44;Golf de Nantes Vigneux;Vigneux-de-Bretagne;44360;18;72;;1988;Rouge;4582;115;66.5;117;68.5;7;4;35;66
Pays de la Loire;44;Golf de Nantes Vigneux;Vigneux-de-Bretagne;44360;18;72;;1988;Rouge;4582;115;66.5;117;68.5;8;4;51;71
Pays de la Loire;44;Golf de Nantes Vigneux;Vigneux-de-Bretagne;44360;18;72;;1988;Rouge;4582;115;66.5;117;68.5;9;3;68;38
Pays de la Loire;44;Golf de Nantes Vigneux;Vigneux-de-Bretagne;44360;18;72;;1988;Rouge;4582;115;66.5;117;68.5;10;4;56;67
Pays de la Loire;44;Golf de Nantes Vigneux;Vigneux-de-Bretagne;44360;18;72;;1988;Rouge;4582;115;66.5;117;68.5;11;4;27;65
Pays de la Loire;44;Golf de Nantes Vigneux;Vigneux-de-Bretagne;44360;18;72;;1988;Rouge;4582;115;66.5;117;68.5;12;4;32;70
Pays de la Loire;44;Golf de Nantes Vigneux;Vigneux-de-Bretagne;44360;18;72;;1988;Rouge;4582;115;66.5;117;68.5;13;4;2;82
Pays de la Loire;44;Golf de Nantes Vigneux;Vigneux-de-Bretagne;44360;18;72;;1988;Rouge;4582;115;66.5;117;68.5;14;4;15;72
Pays de la Loire;44;Golf de Nantes Vigneux;Vigneux-de-Bretagne;44360;18;72;;1988;Rouge;4582;115;66.5;117;68.5;15;4;54;62
Pays de la Loire;44;Golf de Nantes Vigneux;Vigneux-de-Bretagne;44360;18;72;;1988;Rouge;4582;115;66.5;117;68.5;16;4;55;66
Pays de la Loire;44;Golf de Nantes Vigneux;Vigneux-de-Bretagne;44360;18;72;;1988;Rouge;4582;115;66.5;117;68.5;17;4;46;70
Pays de la Loire;44;Golf de Nantes Vigneux;Vigneux-de-Bretagne;44360;18;72;;1988;Rouge;4582;115;66.5;117;68.5;18;4;12;75
Pays de la Loire;44;Golf de Nantes Vigneux;Vigneux-de-Bretagne;44360;18;72;;1988;Rouge;4582;115;66.5;117;68.5;19;4;44;69
Pays de la Loire;44;Golf de Nantes Vigneux;Vigneux-de-Bretagne;44360;18;72;;1988;Rouge;4582;115;66.5;117;68.5;20;4;29;75
Pays de la Loire;44;Golf de Nantes Vigneux;Vigneux-de-Bretagne;44360;18;72;;1988;Rouge;4582;115;66.5;117;68.5;21;4;59;67
Pays de la Loire;44;Golf de Nantes Vigneux;Vigneux-de-Bretagne;44360;18;72;;1988;Rouge;4582;115;66.5;117;68.5;22;4;5;78
Pays de la Loire;44;Golf de Nantes Vigneux;Vigneux-de-Bretagne;44360;18;72;;1988;Rouge;4582;115;66.5;117;68.5;23;4;60;67
Pays de la Loire;44;Golf de Nantes Vigneux;Vigneux-de-Bretagne;44360;18;72;;1988;Rouge;4582;115;66.5;117;68.5;24;4;62;60
Pays de la Loire;44;Golf de Nantes Vigneux;Vigneux-de-Bretagne;44360;18;72;;1988;Rouge;4582;115;66.5;117;68.5;25;4;26;81
Pays de la Loire;44;Golf de Nantes Vigneux;Vigneux-de-Bretagne;44360;18;72;;1988;Rouge;4582;115;66.5;117;68.5;26;4;16;77
Pays de la Loire;44;Golf de Nantes Vigneux;Vigneux-de-Bretagne;44360;18;72;;1988;Rouge;4582;115;66.5;117;68.5;27;4;14;70
Pays de la Loire;44;Golf de Nantes Vigneux;Vigneux-de-Bretagne;44360;18;72;;1988;Rouge;4582;115;66.5;117;68.5;28;4;37;67
Pays de la Loire;44;Golf de Nantes Vigneux;Vigneux-de-Bretagne;44360;18;72;;1988;Rouge;4582;115;66.5;117;68.5;29;4;64;60
Pays de la Loire;44;Golf de Nantes Vigneux;Vigneux-de-Bretagne;44360;18;72;;1988;Rouge;4582;115;66.5;117;68.5;30;4;19;75
Pays de la Loire;44;Golf de Nantes Vigneux;Vigneux-de-Bretagne;44360;18;72;;1988;Rouge;4582;115;66.5;117;68.5;31;4;48;82
Pays de la Loire;44;Golf de Nantes Vigneux;Vigneux-de-Bretagne;44360;18;72;;1988;Rouge;4582;115;66.5;117;68.5;32;4;31;78
Pays de la Loire;44;Golf de Nantes Vigneux;Vigneux-de-Bretagne;44360;18;72;;1988;Rouge;4582;115;66.5;117;68.5;33;4;3;80
Pays de la Loire;44;Golf de Nantes Vigneux;Vigneux-de-Bretagne;44360;18;72;;1988;Rouge;4582;115;66.5;117;68.5;34;4;39;80
Pays de la Loire;44;Golf de Nantes Vigneux;Vigneux-de-Bretagne;44360;18;72;;1988;Rouge;4582;115;66.5;117;68.5;35;3;67;27
Pays de la Loire;44;Golf de Nantes Vigneux;Vigneux-de-Bretagne;44360;18;72;;1988;Rouge;4582;115;66.5;117;68.5;36;4;21;75
Pays de la Loire;44;Golf de Nantes Vigneux;Vigneux-de-Bretagne;44360;18;72;;1988;Rouge;4582;115;66.5;117;68.5;37;4;25;80
Pays de la Loire;44;Golf de Nantes Vigneux;Vigneux-de-Bretagne;44360;18;72;;1988;Rouge;4582;115;66.5;117;68.5;38;3;65;33
Pays de la Loire;44;Golf de Nantes Vigneux;Vigneux-de-Bretagne;44360;18;72;;1988;Rouge;4582;115;66.5;117;68.5;39;4;8;81
Pays de la Loire;44;Golf de Nantes Vigneux;Vigneux-de-Bretagne;44360;18;72;;1988;Rouge;4582;115;66.5;117;68.5;40;4;10;67
Pays de la Loire;44;Golf de Nantes Vigneux;Vigneux-de-Bretagne;44360;18;72;;1988;Rouge;4582;115;66.5;117;68.5;41;4;11;80
Pays de la Loire;44;Golf de Nantes Vigneux;Vigneux-de-Bretagne;44360;18;72;;1988;Rouge;4582;115;66.5;117;68.5;42;4;38;80
Pays de la Loire;44;Golf de Nantes Vigneux;Vigneux-de-Bretagne;44360;18;72;;1988;Rouge;4582;115;66.5;117;68.5;43;4;53;66
Pays de la Loire;44;Golf de Nantes Vigneux;Vigneux-de-Bretagne;44360;18;72;;1988;Rouge;4582;115;66.5;117;68.5;44;4;9;75
Pays de la Loire;44;Golf de Nantes Vigneux;Vigneux-de-Bretagne;44360;18;72;;1988;Rouge;4582;115;66.5;117;68.5;45;4;50;80
Pays de la Loire;44;Golf de Nantes Vigneux;Vigneux-de-Bretagne;44360;18;72;;1988;Rouge;4582;115;66.5;117;68.5;46;4;7;69
Pays de la Loire;44;Golf de Nantes Vigneux;Vigneux-de-Bretagne;44360;18;72;;1988;Rouge;4582;115;66.5;117;68.5;47;4;20;66
Pays de la Loire;44;Golf de Nantes Vigneux;Vigneux-de-Bretagne;44360;18;72;;1988;Rouge;4582;115;66.5;117;68.5;48;4;24;76
Pays de la Loire;44;Golf de Nantes Vigneux;Vigneux-de-Bretagne;44360;18;72;;1988;Rouge;4582;115;66.5;117;68.5;49;4;17;65
Pays de la Loire;44;Golf de Nantes Vigneux;Vigneux-de-Bretagne;44360;18;72;;1988;Rouge;4582;115;66.5;117;68.5;50;4;34;76
Pays de la Loire;44;Golf de Nantes Vigneux;Vigneux-de-Bretagne;44360;18;72;;1988;Rouge;4582;115;66.5;117;68.5;51;4;61;66
Pays de la Loire;44;Golf de Nantes Vigneux;Vigneux-de-Bretagne;44360;18;72;;1988;Rouge;4582;115;66.5;117;68.5;52;4;1;77
Pays de la Loire;44;Golf de Nantes Vigneux;Vigneux-de-Bretagne;44360;18;72;;1988;Rouge;4582;115;66.5;117;68.5;53;4;4;80
Pays de la Loire;44;Golf de Nantes Vigneux;Vigneux-de-Bretagne;44360;18;72;;1988;Rouge;4582;115;66.5;117;68.5;54;3;66;36
Pays de la Loire;44;Golf de Nantes Vigneux;Vigneux-de-Bretagne;44360;18;72;;1988;Rouge;4582;115;66.5;117;68.5;55;4;6;80
Pays de la Loire;44;Golf de Nantes Vigneux;Vigneux-de-Bretagne;44360;18;72;;1988;Rouge;4582;115;66.5;117;68.5;56;4;45;77
Pays de la Loire;44;Golf de Nantes Vigneux;Vigneux-de-Bretagne;44360;18;72;;1988;Rouge;4582;115;66.5;117;68.5;57;4;41;78
Pays de la Loire;44;Golf de Nantes Vigneux;Vigneux-de-Bretagne;44360;18;72;;1988;Rouge;4582;115;66.5;117;68.5;58;4;43;82
Pays de la Loire;44;Golf de Nantes Vigneux;Vigneux-de-Bretagne;44360;18;72;;1988;Rouge;4582;115;66.5;117;68.5;59;4;63;63
Pays de la Loire;44;Golf de Nantes Vigneux;Vigneux-de-Bretagne;44360;18;72;;1988;Rouge;4582;115;66.5;117;68.5;60;4;28;76
Pays de la Loire;44;Golf de Nantes Vigneux;Vigneux-de-Bretagne;44360;18;72;;1988;Rouge;4582;115;66.5;117;68.5;61;4;33;62
Pays de la Loire;44;Golf de Nantes Vigneux;Vigneux-de-Bretagne;44360;18;72;;1988;Rouge;4582;115;66.5;117;68.5;62;4;47;76
Pays de la Loire;44;Golf de Nantes Vigneux;Vigneux-de-Bretagne;44360;18;72;;1988;Rouge;4582;115;66.5;117;68.5;63;4;49;76
Pays de la Loire;44;Golf de Nantes Vigneux;Vigneux-de-Bretagne;44360;18;72;;1988;Rouge;4582;115;66.5;117;68.5;64;4;58;61
Pays de la Loire;44;Golf de Nantes Vigneux;Vigneux-de-Bretagne;44360;18;72;;1988;Rouge;4582;115;66.5;117;68.5;65;4;18;68
Pays de la Loire;44;Golf de Nantes Vigneux;Vigneux-de-Bretagne;44360;18;72;;1988;Rouge;4582;115;66.5;117;68.5;66;4;36;80
Pays de la Loire;44;Golf de Nantes Vigneux;Vigneux-de-Bretagne;44360;18;72;;1988;Rouge;4582;115;66.5;117;68.5;67;4;30;71
Pays de la Loire;44;Golf de Nantes Vigneux;Vigneux-de-Bretagne;44360;18;72;;1988;Rouge;4582;115;66.5;117;68.5;68;4;42;60
